timestamps,90,102,101,107,65,103
2022-10-01 00:05:05.771548,10,9,6,1,6,3
2022-10-01 01:05:08.526286,10,6,13,1,5,2
2022-10-01 02:05:09.305373,10,4,10,3,6,2
2022-10-01 03:05:10.046779,9,3,10,1,6,2
2022-10-01 04:05:11.827629,8,4,10,1,6,4
2022-10-01 05:05:12.939431,10,4,11,1,9,3
2022-10-01 06:05:15.006713,10,4,12,1,10,3
2022-10-01 07:05:17.483745,9,3,13,1,13,3
2022-10-01 08:05:19.155146,11,3,13,2,13,3
2022-10-01 09:05:19.708838,8,3,13,2,13,3
2022-10-01 10:05:20.727888,11,6,14,2,14,3
2022-10-01 11:05:21.745142,11,6,14,5,14,7
2022-10-01 12:05:23.072099,11,8,11,6,13,12
2022-10-01 13:05:26.222058,11,8,12,5,13,15
2022-10-01 14:05:25.939102,10,10,14,8,16,15
2022-10-01 15:05:29.000915,17,13,11,7,16,14
2022-10-01 16:05:31.988153,18,17,12,7,14,9
2022-10-01 17:05:32.878242,19,16,9,11,9,10
2022-10-01 18:05:33.910945,21,14,11,11,7,10
2022-10-01 19:05:36.638300,17,14,12,12,11,16
2022-10-01 20:05:37.067159,21,15,14,13,13,20
2022-10-01 21:05:38.849112,15,20,15,13,9,20
2022-10-01 22:05:41.535954,19,19,8,15,9,20
2022-10-01 23:05:54.484056,24,20,8,15,9,16
2022-10-02 00:05:42.684783,23,18,8,15,10,13
2022-10-02 01:05:44.994073,26,16,7,14,12,12
2022-10-02 02:05:51.609846,22,16,7,12,15,10
2022-10-02 03:05:49.498718,19,13,5,12,17,7
2022-10-02 04:05:51.952132,19,12,4,12,18,7
2022-10-02 05:05:54.623001,18,11,6,10,18,7
2022-10-02 06:05:57.538513,17,11,6,10,18,7
2022-10-02 07:05:59.567282,16,12,7,10,19,5
2022-10-02 08:06:02.722214,16,12,7,10,19,6
2022-10-02 09:06:03.366210,15,12,7,10,18,6
2022-10-02 10:06:05.529698,19,13,7,10,16,7
2022-10-02 11:06:06.146483,18,12,7,12,10,9
2022-10-02 12:06:09.232691,16,14,9,12,7,8
2022-10-02 13:06:11.592572,16,13,10,17,7,11
2022-10-02 14:06:12.456128,17,11,11,17,9,11
2022-10-02 15:06:14.705947,21,11,12,18,12,10
2022-10-02 16:06:16.342238,24,11,15,18,13,9
2022-10-02 17:06:16.606456,14,12,16,18,11,10
2022-10-02 18:06:17.705900,24,15,15,18,8,8
2022-10-02 19:06:18.054035,23,22,13,17,9,13
2022-10-02 20:06:20.788148,24,19,13,21,13,12
2022-10-02 21:06:23.374416,16,20,13,21,10,11
2022-10-02 22:06:26.189493,17,19,13,21,10,11
2022-10-02 23:06:26.770358,16,18,11,21,10,8
2022-10-03 00:06:27.221477,16,18,12,15,13,4
2022-10-03 01:06:28.201263,16,17,12,13,14,3
2022-10-03 02:06:28.589980,16,17,12,13,13,3
2022-10-03 03:06:31.273828,17,17,11,13,13,3
2022-10-03 04:06:33.814809,17,17,11,13,12,3
2022-10-03 05:06:36.751404,17,17,12,13,12,10
2022-10-03 06:06:40.057746,17,17,12,13,11,10
2022-10-03 07:06:42.575572,18,16,13,14,11,11
2022-10-03 08:06:44.549909,17,15,13,14,9,12
2022-10-03 09:06:46.610844,19,16,19,15,9,10
2022-10-03 10:06:47.648951,15,16,25,19,13,5
2022-10-03 11:06:50.426455,10,16,26,20,15,5
2022-10-03 12:06:51.445712,9,19,26,18,15,5
2022-10-03 13:06:52.260533,11,20,25,20,15,9
2022-10-03 14:06:53.882466,12,19,23,15,16,7
2022-10-03 15:06:55.233005,11,17,23,14,17,6
2022-10-03 16:06:57.969021,10,19,22,17,14,9
2022-10-03 17:06:58.965300,15,16,19,20,10,11
2022-10-03 18:07:02.052869,11,16,18,18,15,9
2022-10-03 19:07:04.813547,12,9,15,12,11,8
2022-10-03 20:07:07.563735,17,8,6,10,7,11
2022-10-03 21:07:07.953784,20,7,6,5,4,8
2022-10-03 22:07:09.354219,18,7,7,5,6,6
2022-10-03 23:07:11.371694,13,7,7,6,6,6
2022-10-04 00:07:11.984612,13,7,5,4,4,6
2022-10-04 01:07:13.415042,11,15,14,2,5,5
2022-10-04 02:07:14.785589,9,15,14,6,5,6
2022-10-04 03:07:17.711298,9,15,14,6,5,6
2022-10-04 04:07:17.823729,9,15,14,6,5,6
2022-10-04 05:07:19.690382,8,15,14,6,5,6
2022-10-04 06:07:19.952689,8,15,14,6,4,6
2022-10-04 07:07:20.398206,10,14,13,7,3,5
2022-10-04 08:07:22.088663,8,14,14,8,3,6
2022-10-04 09:07:25.076402,10,12,16,13,7,3
2022-10-04 10:07:27.775854,8,11,17,17,11,3
2022-10-04 11:07:29.742241,5,10,18,19,13,3
2022-10-04 12:07:29.955531,4,9,18,21,12,5
2022-10-04 13:07:31.700299,4,9,19,24,10,3
2022-10-04 14:07:33.998897,6,6,19,23,9,3
2022-10-04 15:07:37.117266,7,5,18,20,12,6
2022-10-04 16:07:38.134027,8,6,19,22,9,9
2022-10-04 17:07:39.251873,6,4,18,22,5,4
2022-10-04 18:07:39.359847,7,5,18,20,1,6
2022-10-04 19:07:42.044232,4,3,15,15,1,4
2022-10-04 20:07:43.923166,8,9,11,12,6,1
2022-10-04 21:07:44.669345,6,7,9,6,4,6
2022-10-04 22:07:46.701190,5,5,8,8,9,10
2022-10-04 23:07:48.010338,7,3,5,8,10,4
2022-10-05 00:07:48.431375,5,1,4,1,10,1
2022-10-05 01:07:49.680011,2,2,1,2,8,2
2022-10-05 02:07:52.242494,1,2,0,0,6,1
2022-10-05 03:07:54.270684,1,1,0,0,4,1
2022-10-05 04:07:56.924520,1,0,0,0,4,1
2022-10-05 05:07:59.280998,1,15,0,8,4,1
2022-10-05 06:08:00.064589,1,15,0,8,4,1
2022-10-05 07:08:00.508470,3,14,0,8,5,2
2022-10-05 08:08:02.206146,15,12,1,8,6,2
2022-10-05 09:08:03.195609,8,12,4,11,3,3
2022-10-05 10:08:05.161742,12,14,7,19,8,5
2022-10-05 11:08:06.590851,14,14,10,20,10,4
2022-10-05 12:08:09.119708,16,14,10,21,10,6
2022-10-05 13:08:11.079659,18,12,8,17,11,4
2022-10-05 14:08:11.312319,16,11,6,15,12,3
2022-10-05 15:08:11.925315,17,13,4,15,12,4
2022-10-05 16:08:13.242576,20,13,6,12,4,3
2022-10-05 17:08:15.085888,9,12,4,11,8,3
2022-10-05 18:08:16.825128,4,8,4,11,10,4
2022-10-05 19:08:18.595853,9,5,1,7,1,7
2022-10-05 20:08:21.767841,2,3,4,1,3,7
2022-10-05 21:08:24.369377,4,3,4,0,2,2
2022-10-05 22:08:25.764034,3,0,0,0,6,5
2022-10-05 23:08:28.608419,5,0,2,0,4,1
2022-10-06 00:08:29.860832,2,0,0,0,5,1
2022-10-06 01:08:33.155513,0,0,1,0,7,2
2022-10-06 02:08:33.862198,0,0,2,1,7,0
2022-10-06 03:08:36.773201,9,0,2,8,8,0
2022-10-06 04:08:38.324082,8,0,2,7,7,0
2022-10-06 05:08:39.561021,7,0,2,7,7,0
2022-10-06 06:08:40.563803,7,0,2,7,8,0
2022-10-06 07:08:41.679023,6,0,2,7,8,1
2022-10-06 08:08:42.302176,14,0,0,6,5,2
2022-10-06 09:08:43.148152,14,2,2,8,6,4
2022-10-06 10:08:44.250705,9,5,2,19,11,5
2022-10-06 11:08:44.804859,9,6,5,19,14,4
2022-10-06 13:09:05.331207,6,4,1,20,15,6
2022-10-06 14:09:07.301697,5,3,0,17,16,5
2022-10-06 15:08:53.788621,5,3,2,15,21,2
2022-10-06 16:08:55.179631,4,2,1,15,18,6
2022-10-06 17:08:55.914802,5,1,3,15,16,3
2022-10-06 18:08:57.236285,5,10,0,13,11,11
2022-10-06 19:08:58.999239,6,13,1,11,1,4
2022-10-06 20:09:01.098904,4,11,1,3,5,1
2022-10-06 21:09:03.744938,5,12,2,2,2,2
2022-10-06 22:09:05.108620,2,6,0,1,6,1
2022-10-06 23:09:05.787679,2,3,1,1,9,0
2022-10-07 00:09:06.633898,1,2,0,1,9,2
2022-10-07 01:09:06.864836,3,2,0,2,9,2
2022-10-07 02:09:09.640530,3,2,12,1,7,3
2022-10-07 03:09:10.366654,3,3,12,1,7,3
2022-10-07 04:09:11.794688,4,2,12,1,8,3
2022-10-07 05:09:13.164876,4,11,12,1,8,3
2022-10-07 06:09:16.099061,4,11,12,1,8,4
2022-10-07 07:09:16.775809,4,10,12,2,8,5
2022-10-07 08:09:18.237758,3,11,11,3,8,7
2022-10-07 09:09:19.680795,12,8,15,6,11,7
2022-10-07 10:09:20.150303,10,11,16,13,9,3
2022-10-07 11:09:23.005682,10,9,17,16,5,5
2022-10-07 12:09:25.887077,8,8,17,17,5,4
2022-10-07 13:09:28.724520,11,6,13,18,6,6
2022-10-07 14:09:29.907022,12,5,11,18,8,6
2022-10-07 15:09:32.451419,14,5,9,10,14,5
2022-10-07 16:09:33.160006,12,3,6,8,7,8
2022-10-07 17:09:35.187799,6,4,7,9,6,12
2022-10-07 18:09:35.947725,11,5,4,10,3,7
2022-10-07 19:09:38.056790,8,5,2,12,4,6
2022-10-07 20:09:40.601518,10,5,13,12,9,12
2022-10-07 21:09:43.658976,11,7,12,8,7,2
2022-10-07 22:09:47.190532,5,4,14,10,6,3
2022-10-07 23:09:47.707211,5,4,16,9,9,4
2022-10-08 00:09:51.080405,3,4,10,7,7,0
2022-10-08 01:09:53.862391,1,3,10,7,7,1
2022-10-08 02:09:54.528345,4,4,8,5,8,2
2022-10-08 03:09:54.142484,2,4,5,5,7,3
2022-10-08 04:09:57.179819,2,3,7,5,7,4
2022-10-08 05:09:59.600956,7,3,6,4,7,4
2022-10-08 06:10:01.633166,8,3,6,4,7,4
2022-10-08 07:10:03.066908,9,3,6,4,7,5
2022-10-08 08:10:04.566049,8,3,7,4,8,4
2022-10-08 09:10:07.742726,8,3,7,4,10,5
2022-10-08 10:10:09.329506,6,5,7,4,8,9
2022-10-08 11:10:11.618578,3,8,8,7,8,7
2022-10-08 12:10:15.048744,10,6,7,7,5,9
2022-10-08 13:10:15.679640,18,6,5,8,9,16
2022-10-08 14:10:16.753702,25,9,7,8,9,21
2022-10-08 15:10:18.830295,24,9,7,8,8,19
2022-10-08 16:10:21.403230,25,10,9,11,9,16
2022-10-08 17:10:22.108600,15,11,9,11,9,13
2022-10-08 18:10:24.482971,14,8,8,8,10,12
2022-10-08 19:10:26.012826,21,8,10,8,9,12
2022-10-08 20:10:27.325426,17,8,10,8,12,20
2022-10-08 21:10:30.116641,16,6,11,10,12,17
2022-10-08 22:10:32.274401,15,5,13,10,9,16
2022-10-08 23:10:35.794964,10,4,12,10,8,17
2022-10-09 00:10:36.710350,8,3,10,9,8,15
2022-10-09 01:10:38.751689,1,3,8,7,7,14
2022-10-09 02:10:39.951625,1,3,5,5,8,12
2022-10-09 03:10:42.717905,0,5,5,3,9,11
2022-10-09 04:10:45.169276,0,3,5,3,9,10
2022-10-09 05:10:46.839756,0,3,3,3,8,10
2022-10-09 06:10:47.266182,0,2,3,3,8,10
2022-10-09 07:10:48.875521,0,1,3,3,7,11
2022-10-09 08:10:48.945650,2,1,4,2,7,11
2022-10-09 09:10:49.307972,3,3,4,2,8,12
2022-10-09 10:10:50.217397,6,3,6,2,7,12
2022-10-09 11:10:52.866192,8,4,8,3,4,12
2022-10-09 12:10:55.946462,9,4,8,4,4,11
2022-10-09 13:10:57.766977,11,3,7,9,9,11
2022-10-09 14:11:00.588344,5,5,7,14,5,12
2022-10-09 15:11:02.184015,4,5,9,12,7,13
2022-10-09 16:11:02.606454,5,3,8,12,4,14
2022-10-09 17:11:03.553905,5,1,3,10,6,14
2022-10-09 18:11:04.341034,8,1,3,9,2,16
2022-10-09 19:11:06.664696,7,0,7,8,3,18
2022-10-09 20:11:09.536301,3,1,7,5,2,19
2022-10-09 21:11:12.452545,1,0,11,7,3,10
2022-10-09 22:11:12.872239,0,0,11,6,2,9
2022-10-09 23:11:13.033275,3,0,9,5,4,8
2022-10-10 00:11:13.182087,1,0,9,4,4,9
2022-10-10 01:11:15.516015,1,0,10,3,4,9
2022-10-10 02:11:14.420345,2,1,10,2,5,7
2022-10-10 03:11:14.411801,2,1,10,2,5,7
2022-10-10 04:11:20.579847,2,1,10,2,5,7
2022-10-10 05:11:16.791265,1,1,10,2,5,7
2022-10-10 06:11:19.894821,1,1,10,2,4,7
2022-10-10 07:11:22.761848,2,1,11,3,4,7
2022-10-10 08:11:24.961801,13,2,12,4,7,10
2022-10-10 09:11:26.690914,15,6,15,5,13,11
2022-10-10 10:11:29.304743,14,6,16,5,14,10
2022-10-10 11:11:31.225595,14,7,14,5,14,10
2022-10-10 12:11:32.887136,13,8,17,6,15,8
2022-10-10 13:11:33.849148,11,12,17,5,16,8
2022-10-10 14:11:36.752070,12,10,14,6,18,4
2022-10-10 15:11:39.449897,15,11,13,3,17,5
2022-10-10 16:11:41.568649,10,11,15,6,16,8
2022-10-10 17:11:44.008982,9,9,13,7,16,7
2022-10-10 18:11:45.058234,6,8,10,6,14,7
2022-10-10 19:11:47.773140,4,5,9,6,15,7
2022-10-10 20:11:50.436983,4,4,4,4,9,8
2022-10-10 21:11:51.683395,1,4,3,2,10,6
2022-10-10 22:11:54.896974,3,2,2,2,11,2
2022-10-10 23:11:55.113586,2,2,1,2,11,1
2022-10-11 00:11:57.640440,3,2,1,2,10,1
2022-10-11 01:11:58.191830,0,2,12,2,10,2
2022-10-11 02:11:58.953367,12,2,8,2,10,0
2022-10-11 03:11:59.789482,11,2,8,2,10,0
2022-10-11 04:12:00.732063,11,2,8,3,9,0
2022-10-11 05:12:01.174308,11,6,8,3,9,11
2022-10-11 06:12:02.936487,11,6,8,3,10,10
2022-10-11 07:12:06.065070,13,5,8,4,9,11
2022-10-11 08:12:06.581400,11,6,10,4,9,11
2022-10-11 09:12:06.639907,7,8,11,3,15,11
2022-10-11 10:12:08.245844,6,9,13,7,15,12
2022-10-11 11:12:08.969734,6,6,12,9,14,12
2022-10-11 12:12:10.957497,4,8,13,9,14,12
2022-10-11 13:12:11.618026,1,6,12,10,14,10
2022-10-11 14:12:12.476718,5,7,11,8,16,8
2022-10-11 15:12:12.671815,5,6,12,7,14,5
2022-10-11 16:12:14.269421,2,5,13,6,11,4
2022-10-11 17:12:17.985196,11,4,12,7,5,7
2022-10-11 18:12:20.895068,5,5,10,18,1,6
2022-10-11 19:12:22.426304,1,2,5,16,4,6
2022-10-11 20:12:23.437491,4,4,5,9,0,3
2022-10-11 21:12:25.730285,0,1,7,7,4,5
2022-10-11 22:12:26.716783,2,1,5,10,5,2
2022-10-11 23:12:28.174049,4,0,5,6,6,4
2022-10-12 00:23:17.289721,0,2,3,4,8,2
2022-10-12 01:26:09.501469,12,1,2,5,9,3
2022-10-12 02:32:24.150208,12,5,10,4,7,1
2022-10-12 04:42:44.238360,11,8,8,4,7,1
2022-10-12 05:52:31.607188,12,8,8,4,7,0
2022-10-12 07:04:21.314889,13,8,8,5,6,0
2022-10-12 09:08:18.873391,14,9,9,5,7,2
2022-10-12 10:06:58.855913,18,9,9,5,6,2
2022-10-12 11:11:36.613409,24,10,8,5,7,3
2022-10-12 12:07:02.068995,25,8,8,4,6,6
2022-10-12 13:07:00.224708,22,8,9,3,5,4
2022-10-12 13:07:08.664637,22,8,9,3,5,4
2022-10-12 13:07:16.308844,24,8,9,3,5,7
2022-10-12 14:07:04.856535,23,9,9,3,2,7
2022-10-12 15:07:17.340330,22,9,10,3,8,7
2022-10-12 16:07:07.311130,23,10,13,3,10,9
2022-10-12 17:07:09.278307,21,8,11,14,10,7
2022-10-12 18:07:10.315744,10,7,12,15,4,7
2022-10-12 19:07:12.452096,5,7,14,13,1,6
2022-10-12 20:07:15.145820,2,4,17,10,4,2
2022-10-12 21:07:17.005214,0,3,11,9,4,13
2022-10-12 22:07:18.437716,1,3,8,9,5,12
2022-10-12 23:07:18.671393,7,3,5,9,7,8
2022-10-13 00:07:19.141245,4,3,5,8,7,5
2022-10-13 01:07:22.192006,5,3,5,7,8,6
2022-10-13 02:07:25.150533,6,0,5,7,8,5
2022-10-13 03:07:26.204677,6,2,5,7,8,5
2022-10-13 04:07:28.362646,6,2,5,7,8,5
2022-10-13 05:07:29.853059,17,12,5,8,8,5
2022-10-13 06:07:30.881897,17,12,5,8,9,4
2022-10-13 07:07:31.268525,17,11,6,9,9,5
2022-10-13 08:07:33.471783,17,10,7,10,8,7
2022-10-13 09:07:34.421029,22,13,12,12,12,7
2022-10-13 10:07:34.564002,21,12,10,17,15,6
2022-10-13 11:07:35.300315,20,12,11,19,14,6
2022-10-13 12:07:37.339123,18,12,12,18,14,11
2022-10-13 13:07:38.564693,16,12,12,19,14,8
2022-10-13 14:07:39.607853,15,11,8,19,17,4
2022-10-13 15:07:46.701307,19,14,10,16,19,5
2022-10-13 16:07:46.718017,12,13,11,18,15,4
2022-10-13 17:07:47.066673,9,11,12,18,11,1
2022-10-13 18:07:46.994044,8,12,6,18,12,3
2022-10-13 19:07:47.766056,9,15,6,12,13,1
2022-10-13 20:07:47.940432,10,11,6,8,6,2
2022-10-13 21:07:48.848029,4,12,7,1,3,2
2022-10-13 22:07:51.445488,1,4,4,1,6,3
2022-10-13 23:07:51.623336,1,6,5,1,5,2
2022-10-14 00:07:53.334485,2,2,4,1,5,2
2022-10-14 01:07:56.202469,2,1,2,0,3,2
2022-10-14 02:07:58.444632,2,2,12,1,3,1
2022-10-14 03:07:58.549581,15,2,11,1,3,2
2022-10-14 04:08:00.024790,15,2,12,1,3,2
2022-10-14 05:08:01.181573,15,13,12,0,3,1
2022-10-14 06:08:04.210675,15,13,12,0,3,1
2022-10-14 07:08:06.893922,15,12,13,1,3,1
2022-10-14 08:08:09.604908,13,12,15,2,4,2
2022-10-14 09:08:10.999733,11,12,16,4,8,6
2022-10-14 10:08:12.354061,10,13,17,12,13,7
2022-10-14 11:08:15.517603,7,15,18,14,11,6
2022-10-14 12:08:17.275416,9,16,20,16,12,5
2022-10-14 14:08:19.057005,11,16,19,14,9,4
2022-10-14 15:08:20.622608,9,16,18,11,5,7
2022-10-14 16:08:23.114938,3,9,18,11,5,6
2022-10-14 17:08:25.010746,5,7,12,11,3,9
2022-10-14 18:08:25.868091,3,7,6,9,2,10
2022-10-14 19:08:28.112540,13,10,10,11,3,17
2022-10-14 20:08:29.504594,22,11,10,10,4,24
2022-10-14 21:08:29.929996,21,14,11,7,11,14
2022-10-14 22:08:30.747393,25,13,12,8,11,13
2022-10-14 23:08:31.461990,25,13,9,8,14,8
2022-10-15 00:08:34.557073,19,11,7,8,10,2
2022-10-15 01:08:35.152451,9,3,5,8,7,2
2022-10-15 02:08:36.243721,0,3,3,8,5,8
2022-10-15 03:08:37.478268,3,2,3,7,5,8
2022-10-15 04:08:38.930992,2,2,3,6,6,7
2022-10-15 05:08:39.183644,12,2,3,6,7,8
2022-10-15 06:08:40.984983,15,2,3,6,7,9
2022-10-15 07:08:43.142899,14,3,3,6,7,9
2022-10-15 08:08:43.884558,14,3,2,6,7,7
2022-10-15 09:08:44.141415,17,2,3,7,7,6
2022-10-15 10:08:46.733086,17,3,5,7,4,7
2022-10-15 11:08:48.279495,22,8,5,9,2,7
2022-10-15 12:08:50.406209,25,14,5,10,3,10
2022-10-15 13:08:52.984174,26,17,5,12,3,12
2022-10-15 14:08:56.043112,26,17,4,12,7,15
2022-10-15 15:08:56.417162,26,22,7,13,14,18
2022-10-15 16:08:57.037070,24,24,7,12,14,13
2022-10-15 17:08:57.744740,25,20,6,14,13,10
2022-10-15 18:08:58.314487,27,18,4,13,9,5
2022-10-15 19:09:00.997957,10,11,4,14,6,10
2022-10-15 20:09:01.471694,12,9,5,14,5,10
2022-10-15 21:09:02.896436,13,10,8,11,5,11
2022-10-15 22:09:03.349409,14,2,9,11,6,11
2022-10-15 23:09:05.518197,14,1,9,12,7,9
2022-10-16 00:09:06.657639,7,1,6,11,7,7
2022-10-16 01:09:08.477167,7,5,3,12,8,2
2022-10-16 02:09:09.153412,5,2,3,10,8,2
2022-10-16 03:09:09.497009,3,1,4,7,7,3
2022-10-16 04:09:11.847167,4,1,3,7,9,3
2022-10-16 05:09:13.887205,4,14,6,6,11,3
2022-10-16 06:09:15.708229,4,10,8,6,10,3
2022-10-16 07:09:18.234986,3,10,9,6,10,3
2022-10-16 08:09:20.942903,3,10,10,6,10,3
2022-10-16 09:09:21.365263,3,10,10,6,9,4
2022-10-16 10:09:21.894025,6,11,13,6,9,2
2022-10-16 11:09:24.808438,8,11,12,8,9,8
2022-10-16 12:09:27.933622,8,9,11,8,3,11
2022-10-16 13:09:30.928155,21,11,11,9,3,15
2022-10-16 14:09:32.694904,17,10,11,8,2,12
2022-10-16 15:09:32.772157,13,10,9,8,10,5
2022-10-16 16:09:33.915424,16,10,9,9,9,3
2022-10-16 17:09:35.090627,17,11,7,9,12,7
2022-10-16 18:09:37.028431,20,12,7,11,6,11
2022-10-16 19:09:39.377973,21,7,8,10,6,19
2022-10-16 20:09:40.759565,18,6,8,5,10,21
2022-10-16 21:09:41.822466,15,2,8,7,12,9
2022-10-16 22:09:43.353818,16,3,9,8,10,2
2022-10-16 23:09:46.027453,12,2,9,6,10,2
2022-10-17 00:09:46.914718,11,2,8,5,10,2
2022-10-17 01:09:49.923012,8,2,8,5,10,2
2022-10-17 02:09:51.787916,6,2,8,3,10,2
2022-10-17 03:09:54.435647,6,2,8,3,12,2
2022-10-17 04:09:56.436061,6,2,8,3,12,1
2022-10-17 05:09:58.146175,6,10,8,3,12,11
2022-10-17 06:10:00.186128,6,10,8,4,13,11
2022-10-17 07:10:01.444942,8,9,8,4,11,11
2022-10-17 08:10:03.592813,7,11,8,6,11,13
2022-10-17 09:10:06.138105,7,11,11,7,10,11
2022-10-17 10:10:06.370206,8,12,10,15,14,7
2022-10-17 11:10:08.267033,9,14,10,15,11,7
2022-10-17 12:10:10.306016,8,14,11,16,11,9
2022-10-17 13:10:12.066603,9,13,12,17,11,8
2022-10-17 14:10:13.453507,6,7,10,15,12,8
2022-10-17 15:10:13.937141,8,9,10,13,7,6
2022-10-17 16:10:15.001784,5,7,8,13,6,6
2022-10-17 17:10:15.589156,6,7,9,14,8,8
2022-10-17 18:10:17.126526,4,9,5,15,6,7
2022-10-17 19:10:18.231913,7,6,3,12,4,7
2022-10-17 20:10:19.972605,3,4,2,12,1,8
2022-10-17 21:10:22.564944,5,7,1,6,3,1
2022-10-17 22:10:25.229121,5,2,1,5,8,2
2022-10-17 23:10:27.276338,2,1,1,5,6,2
2022-10-18 00:10:29.797285,14,1,1,3,1,2
2022-10-18 01:10:31.166018,14,1,1,3,4,2
2022-10-18 02:10:31.249426,14,2,1,3,4,2
2022-10-18 03:10:32.087395,14,2,1,3,5,2
2022-10-18 04:10:32.226947,14,2,1,3,5,2
2022-10-18 05:10:33.919655,14,2,1,3,5,2
2022-10-18 06:10:36.411930,14,2,1,3,6,2
2022-10-18 07:10:37.079226,14,3,1,4,6,2
2022-10-18 08:10:37.518321,12,4,3,4,6,5
2022-10-18 09:10:40.215216,9,3,3,3,8,2
2022-10-18 10:10:42.371860,15,3,4,8,12,3
2022-10-18 11:10:44.952038,12,6,3,8,14,4
2022-10-18 12:10:47.081581,11,8,3,8,14,7
2022-10-18 13:10:49.115424,11,8,5,6,19,7
2022-10-18 14:10:52.281714,7,7,4,8,18,6
2022-10-18 15:10:53.663009,10,9,6,6,17,8
2022-10-18 16:10:54.459037,10,8,8,7,17,13
2022-10-18 17:10:54.951701,8,6,5,4,19,12
2022-10-18 18:10:55.877687,4,6,2,4,19,13
2022-10-18 19:10:57.737444,9,2,1,1,16,13
2022-10-18 20:10:57.854432,13,5,2,1,18,21
2022-10-18 21:10:59.945328,11,5,1,1,20,18
2022-10-18 22:10:59.975754,8,2,1,1,18,17
2022-10-18 23:11:02.814176,7,2,1,1,18,8
2022-10-19 00:11:05.655122,2,1,1,1,11,6
2022-10-19 01:11:05.774654,3,1,1,1,12,2
2022-10-19 02:11:08.143481,1,1,1,1,13,2
2022-10-19 03:11:09.179047,3,9,1,1,13,2
2022-10-19 04:11:09.732882,3,9,1,1,13,2
2022-10-19 05:11:12.550264,3,9,1,1,13,2
2022-10-19 06:11:14.380851,3,8,1,1,13,2
2022-10-19 07:11:16.753450,3,7,1,1,13,2
2022-10-19 08:11:18.334465,4,5,3,2,10,4
2022-10-19 09:11:18.919886,3,9,8,6,16,5
2022-10-19 10:11:19.935675,3,9,11,12,17,2
2022-10-19 11:11:21.028105,11,11,10,16,16,7
2022-10-19 12:11:21.973372,11,12,9,16,18,5
2022-10-19 13:11:24.003787,11,13,8,17,19,7
2022-10-19 14:11:26.693281,11,12,4,16,19,12
2022-10-19 15:11:27.594807,12,13,10,12,21,14
2022-10-19 16:11:30.629702,11,14,9,13,20,11
2022-10-19 17:11:33.233038,13,9,6,14,16,12
2022-10-19 18:11:34.752137,1,10,4,15,16,12
2022-10-19 19:11:36.617152,1,9,2,12,14,11
2022-10-19 20:11:38.043699,4,10,3,7,13,13
2022-10-19 21:11:39.293798,8,3,3,4,12,12
2022-10-19 22:11:42.350851,9,6,2,6,13,10
2022-10-19 23:11:42.608620,6,4,2,6,10,6
2022-10-20 00:11:44.212582,5,2,1,4,11,2
2022-10-20 01:11:44.645053,5,2,9,3,16,2
2022-10-20 02:11:45.438462,3,2,9,1,16,4
2022-10-20 03:11:48.706682,3,2,9,1,16,2
2022-10-20 04:11:51.199607,4,2,10,7,16,1
2022-10-20 05:11:53.302940,4,2,10,6,16,12
2022-10-20 06:11:54.387640,3,2,10,6,16,12
2022-10-20 07:11:55.071156,5,2,10,7,17,12
2022-10-20 08:11:56.044897,5,3,10,7,14,14
2022-10-20 09:11:57.520655,3,6,13,10,14,17
2022-10-20 10:12:00.445388,1,6,17,13,20,17
2022-10-20 11:12:00.681972,4,5,17,12,18,19
2022-10-20 12:12:01.400663,3,4,18,18,16,21
2022-10-20 15:12:06.039722,4,4,18,18,19,22
2022-10-20 16:12:06.818883,1,2,15,17,15,16
2022-10-20 17:12:08.168762,1,2,16,17,14,16
2022-10-20 18:12:09.161252,13,2,15,17,14,16
2022-10-20 19:12:10.808666,18,3,16,16,12,18
2022-10-20 20:12:11.836360,22,13,10,16,13,19
2022-10-20 21:12:16.694379,15,15,10,13,15,18
2022-10-20 22:12:17.119840,16,14,9,14,11,14
2022-10-20 23:12:18.413141,17,13,10,13,12,12
2022-10-21 00:12:20.523625,13,9,11,11,9,12
2022-10-21 01:12:23.053844,13,8,11,11,11,11
2022-10-21 02:12:23.821040,13,8,11,11,11,11
2022-10-21 03:12:25.429853,13,8,11,11,11,10
2022-10-21 04:12:28.250390,13,8,11,11,11,10
2022-10-21 05:12:29.834061,13,13,11,11,11,10
2022-10-21 06:12:30.293824,13,14,11,11,12,9
2022-10-21 07:12:30.551059,12,13,11,11,12,8
2022-10-21 08:12:31.619772,6,13,12,11,9,11
2022-10-21 09:12:31.871050,4,10,17,14,11,11
2022-10-21 10:12:32.948461,5,10,18,20,12,8
2022-10-21 11:12:33.485148,5,8,16,22,14,10
2022-10-21 12:12:35.618105,2,8,16,14,15,10
2022-10-21 13:12:37.583280,4,7,16,14,15,13
2022-10-21 14:12:40.315375,4,8,16,12,10,12
2022-10-21 15:12:42.425785,4,11,15,9,15,14
2022-10-21 16:12:44.281882,6,11,16,11,18,11
2022-10-21 17:12:44.579259,2,10,12,12,18,11
2022-10-21 18:12:45.557191,4,7,10,12,16,12
2022-10-21 19:12:46.870881,3,10,9,12,11,17
2022-10-21 20:12:48.756076,2,7,9,11,10,16
2022-10-21 21:12:50.016703,4,5,10,10,9,21
2022-10-21 22:12:50.393902,5,4,8,9,7,19
2022-10-21 23:12:51.949984,6,3,10,9,6,16
2022-10-22 00:12:54.971318,9,1,9,9,6,15
2022-10-22 01:12:57.769359,4,1,8,8,7,16
2022-10-22 02:13:00.698205,6,1,7,8,7,17
2022-10-22 03:13:03.230424,5,12,7,9,7,12
2022-10-22 04:13:04.958314,6,12,7,9,7,12
2022-10-22 05:13:05.345465,8,12,8,9,7,12
2022-10-22 06:13:08.176108,9,12,8,9,9,12
2022-10-22 07:13:10.498373,8,12,8,7,6,12
2022-10-22 08:13:11.801241,9,11,8,8,6,11
2022-10-22 09:13:12.936545,9,12,8,8,6,11
2022-10-22 10:13:15.971330,7,12,9,9,7,11
2022-10-22 11:13:18.636389,13,15,8,11,5,13
2022-10-22 12:13:20.276145,17,15,8,12,7,15
2022-10-22 13:13:22.221490,14,15,10,13,6,17
2022-10-22 14:13:22.525947,17,19,11,12,9,12
2022-10-22 15:13:23.814882,20,21,19,12,10,14
2022-10-22 16:13:25.030469,20,19,23,7,8,17
2022-10-22 17:13:27.929468,22,20,12,7,9,20
2022-10-22 18:13:30.314167,26,20,13,6,12,17
2022-10-22 19:13:32.136444,20,23,13,6,9,23
2022-10-22 20:13:34.060857,26,23,13,9,8,21
2022-10-22 21:13:34.879699,25,26,14,11,6,20
2022-10-22 22:13:35.325029,24,26,14,11,4,20
2022-10-22 23:13:36.374972,24,25,13,11,5,21
2022-10-23 00:13:36.807415,23,27,13,11,4,21
2022-10-23 01:13:39.864193,20,13,13,6,6,23
2022-10-23 02:13:40.135237,22,14,13,6,9,23
2022-10-23 03:13:42.110265,20,14,12,5,9,10
2022-10-23 04:13:43.736709,20,14,14,5,12,11
2022-10-23 05:13:44.810631,20,14,14,5,12,11
2022-10-23 06:13:45.348715,19,14,14,5,14,11
2022-10-23 07:13:48.521911,20,15,14,5,14,11
2022-10-23 08:13:49.330003,21,15,14,5,14,11
2022-10-23 09:13:50.298337,20,14,14,4,14,10
2022-10-23 10:13:50.988303,20,16,15,4,16,11
2022-10-23 11:13:51.287886,22,18,13,4,13,12
2022-10-23 12:13:52.819689,12,20,15,4,10,10
2022-10-23 13:13:55.472799,9,20,17,4,10,12
2022-10-23 14:13:56.552142,14,19,19,5,12,11
2022-10-23 15:13:57.442521,16,20,20,5,12,10
2022-10-23 16:14:00.355738,18,20,17,5,11,11
2022-10-23 17:14:01.229893,15,20,18,5,11,10
2022-10-23 18:14:06.570453,13,18,19,5,12,11
2022-10-23 19:14:06.183047,9,19,19,6,13,14
2022-10-23 20:14:07.630397,11,20,18,7,14,13
2022-10-23 21:14:10.108917,8,13,18,10,12,13
2022-10-23 22:14:12.602631,10,12,16,11,13,14
2022-10-23 23:14:13.145601,9,9,16,11,14,14
2022-10-24 00:14:15.433767,8,10,16,10,13,13
2022-10-24 01:14:16.464957,10,10,16,10,13,13
2022-10-24 02:14:19.362402,10,10,16,10,13,13
2022-10-24 03:14:21.159345,10,10,16,10,14,12
2022-10-24 04:14:22.785725,10,10,16,10,14,12
2022-10-24 05:14:24.487758,10,10,16,10,14,12
2022-10-24 06:14:26.922220,10,10,16,10,14,12
2022-10-24 07:14:28.738856,11,10,16,10,13,12
2022-10-24 08:14:30.231502,10,10,18,11,9,14
2022-10-24 09:14:32.311074,11,8,24,13,15,14
2022-10-24 10:14:33.579353,10,8,24,19,16,12
2022-10-24 11:14:34.643291,6,8,25,19,19,11
2022-10-24 12:14:36.331189,6,8,25,20,18,10
2022-10-24 13:14:39.457824,6,9,22,19,19,12
2022-10-24 14:14:40.889058,4,5,17,19,22,10
2022-10-24 15:14:41.527843,6,5,20,19,19,12
2022-10-24 16:14:42.349148,11,2,20,19,16,14
2022-10-24 17:14:43.878531,1,3,18,20,16,12
2022-10-24 18:14:45.433196,2,3,18,23,12,9
2022-10-24 19:14:47.577005,6,6,19,11,7,13
2022-10-24 20:14:48.982113,5,3,15,8,9,9
2022-10-24 21:14:51.989390,4,1,13,5,8,8
2022-10-24 22:14:54.916088,6,0,16,3,11,4
2022-10-24 23:14:57.696489,5,0,17,2,8,2
2022-10-25 00:14:59.319117,1,0,11,2,7,1
2022-10-25 01:14:59.657882,1,11,10,1,8,2
2022-10-25 02:15:01.876317,12,10,9,0,8,2
2022-10-25 03:15:01.796598,12,10,9,7,8,2
2022-10-25 04:15:04.834964,12,10,9,7,7,2
2022-10-25 05:15:05.333784,12,10,9,7,7,2
2022-10-25 06:15:07.934928,12,10,9,6,6,2
2022-10-25 07:15:09.296198,12,10,9,6,7,3
2022-10-25 08:15:10.016825,12,7,10,6,5,8
2022-10-25 09:15:13.231900,8,9,15,6,7,9
2022-10-25 10:15:14.018647,11,12,17,11,7,8
2022-10-25 11:15:14.746240,12,14,17,14,7,9
2022-10-25 12:15:15.118793,13,13,17,14,6,10
2022-10-25 13:15:16.689306,11,12,16,14,7,11
2022-10-25 14:15:19.299075,19,8,11,12,12,9
2022-10-25 15:15:21.433073,17,12,10,12,7,5
2022-10-25 16:15:22.543737,20,15,9,6,8,5
2022-10-25 17:15:23.243361,9,14,4,17,5,8
2022-10-25 18:15:24.966936,7,12,3,15,2,9
2022-10-25 19:15:27.989894,7,9,3,15,8,13
2022-10-25 20:15:30.349621,4,9,3,11,2,9
2022-10-25 21:15:31.728723,3,7,3,6,4,13
2022-10-25 22:15:33.518650,0,3,3,3,4,11
2022-10-25 23:15:34.435882,1,2,2,2,3,13
2022-10-26 00:15:35.556057,0,1,1,1,3,2
2022-10-26 01:15:37.903642,0,1,10,1,5,0
2022-10-26 02:15:38.989354,13,3,7,1,5,0
2022-10-26 03:15:39.500534,13,3,7,1,5,0
2022-10-26 04:15:40.092233,13,3,7,1,5,0
2022-10-26 05:15:41.580715,13,3,7,1,5,10
2022-10-26 06:15:41.500624,13,3,7,1,6,9
2022-10-26 07:15:41.999795,13,3,6,1,5,9
2022-10-26 08:15:44.559936,10,6,6,2,1,11
2022-10-26 09:15:45.633869,9,8,10,3,5,9
2022-10-26 10:15:48.398237,9,8,17,9,7,9
2022-10-26 11:15:50.464206,8,10,16,12,8,10
2022-10-26 12:15:52.816299,6,7,17,11,11,9
2022-10-26 13:15:52.796293,6,7,18,12,12,11
2022-10-26 14:15:55.483184,5,5,12,8,11,8
2022-10-26 15:15:57.952311,8,6,14,9,18,5
2022-10-26 16:15:59.149143,6,7,13,13,14,4
2022-10-26 17:16:00.480681,6,6,13,14,8,2
2022-10-26 18:16:01.699083,4,3,10,12,7,6
2022-10-26 19:16:03.855290,9,4,6,5,6,12
2022-10-26 20:16:05.757032,14,7,1,4,10,18
2022-10-26 21:16:08.061106,12,4,2,2,9,18
2022-10-26 22:16:10.335436,8,3,4,2,11,8
2022-10-26 23:16:12.938556,5,2,2,2,8,2
2022-10-27 00:16:15.681449,0,2,0,1,9,0
2022-10-27 01:16:17.957467,0,2,12,1,7,0
2022-10-27 02:16:18.270428,12,2,11,1,7,0
2022-10-27 03:16:18.680895,13,3,10,2,7,0
2022-10-27 04:16:18.691964,13,3,10,2,6,10
2022-10-27 05:16:20.226738,13,9,10,2,6,10
2022-10-27 06:16:20.441112,13,9,10,2,7,10
2022-10-27 07:16:21.483912,16,9,10,3,7,10
2022-10-27 08:16:23.100601,20,8,9,3,4,14
2022-10-27 09:16:23.349155,12,9,13,3,5,18
2022-10-27 10:16:24.806094,14,12,16,7,7,15
2022-10-27 11:16:27.344618,9,12,16,8,4,19
2022-10-27 12:16:28.953725,8,9,18,9,5,19
2022-10-27 13:16:29.276355,8,7,18,7,6,18
2022-10-27 14:16:31.725066,13,9,16,6,8,11
2022-10-27 15:16:33.120256,11,8,16,4,10,14
2022-10-27 16:16:33.525433,11,3,16,8,4,12
2022-10-27 17:16:36.670633,15,2,14,12,7,10
2022-10-27 18:16:38.368430,17,3,10,11,3,9
2022-10-27 19:16:40.468804,14,4,7,9,2,14
2022-10-27 20:16:42.958308,8,5,3,4,6,17
2022-10-27 21:16:42.871822,9,5,7,3,7,15
2022-10-27 22:16:46.246036,7,3,6,3,6,12
2022-10-27 23:16:47.771553,1,1,6,3,7,7
2022-10-28 00:16:48.605101,4,0,1,2,6,4
2022-10-28 01:16:48.880018,1,0,1,2,6,5
2022-10-28 02:16:49.796116,0,11,1,1,6,2
2022-10-28 03:16:50.986931,1,10,1,0,6,2
2022-10-28 04:16:53.996197,12,7,1,0,5,2
2022-10-28 05:16:58.710761,11,6,1,0,5,2
2022-10-28 06:16:56.257718,11,6,1,1,4,2
2022-10-28 07:16:57.550304,11,6,1,1,4,3
2022-10-28 08:16:57.582763,10,6,2,2,5,8
2022-10-28 09:16:59.013437,9,5,6,3,5,7
2022-10-28 10:16:59.810929,7,5,6,8,7,8
2022-10-28 11:17:02.399222,8,5,6,12,10,8
2022-10-28 12:17:04.434840,10,5,7,13,7,9
2022-10-28 13:17:07.053027,7,4,3,13,11,8
2022-10-28 14:17:09.055975,3,5,3,10,9,10
2022-10-28 15:17:11.860348,4,4,0,4,14,10
2022-10-28 16:17:11.750497,2,4,0,1,3,9
2022-10-28 17:17:12.675751,1,2,15,2,6,9
2022-10-28 18:17:13.457531,0,4,3,2,10,10
2022-10-28 19:17:13.964131,12,7,2,1,12,17
2022-10-28 20:17:14.212867,12,7,2,3,14,16
2022-10-28 21:17:17.168653,16,5,2,2,16,20
2022-10-28 22:17:19.717811,19,4,2,2,16,15
2022-10-28 23:17:22.887708,16,3,2,2,17,8
2022-10-29 00:17:24.272166,13,0,1,2,16,13
2022-10-29 01:17:25.433633,12,5,12,2,16,11
2022-10-29 02:17:27.234027,11,3,9,2,19,6
2022-10-29 03:17:28.676507,9,3,9,2,17,7
2022-10-29 04:17:28.529134,9,14,9,2,17,7
2022-10-29 05:17:30.388681,16,14,9,2,17,7
2022-10-29 06:17:33.219450,15,14,9,2,18,7
2022-10-29 07:17:33.609117,16,14,10,2,18,8
2022-10-29 08:17:35.000232,18,15,10,2,17,6
2022-10-29 09:17:36.214110,16,16,9,2,17,7
2022-10-29 10:17:37.004410,12,16,8,3,18,5
2022-10-29 11:17:38.817002,10,18,8,3,18,8
2022-10-29 12:17:41.461838,8,20,8,5,15,12
2022-10-29 13:17:43.188678,10,24,7,5,13,12
2022-10-29 14:17:43.801288,13,22,7,4,10,15
2022-10-29 15:17:46.447944,19,25,7,5,15,11
2022-10-29 16:17:47.709946,17,25,7,5,17,10
2022-10-29 17:17:49.745649,11,10,7,6,14,12
2022-10-29 18:17:52.841322,11,13,4,5,14,12
2022-10-29 19:17:55.031930,13,15,4,3,17,20
2022-10-29 20:17:57.761835,19,15,6,2,15,23
2022-10-29 21:17:58.264284,24,20,4,3,18,20
2022-10-29 22:18:01.088640,19,20,4,4,20,14
2022-10-29 23:18:03.245505,15,18,3,1,18,18
2022-10-30 00:18:04.491843,11,9,4,1,15,16
2022-10-30 01:18:05.729312,11,9,3,1,16,10
2022-10-30 02:18:06.323344,15,8,2,13,15,4
2022-10-30 03:18:07.647189,12,7,2,10,16,5
2022-10-30 04:18:10.681408,8,8,2,10,17,5
2022-10-30 05:18:11.969897,5,8,2,10,17,5
2022-10-30 06:18:12.715572,4,9,2,9,17,5
2022-10-30 07:18:13.098565,4,9,2,9,16,5
2022-10-30 08:18:13.069893,5,9,2,9,14,5
2022-10-30 09:18:14.698845,7,9,2,9,14,5
2022-10-30 10:18:16.773209,6,9,2,9,13,7
2022-10-30 11:18:18.954739,5,9,3,11,11,11
2022-10-30 12:18:19.971128,5,9,3,8,9,11
2022-10-30 13:18:22.265052,10,9,3,7,10,14
2022-10-30 14:18:24.523151,8,7,3,9,10,14
2022-10-30 15:18:26.514185,17,6,6,9,10,10
2022-10-30 16:18:28.337872,15,7,9,9,10,11
2022-10-30 17:18:29.396208,12,7,8,11,9,10
2022-10-30 18:18:32.235469,23,7,6,8,9,9
2022-10-30 19:18:34.111008,19,8,6,9,9,12
2022-10-30 20:18:36.614210,22,7,5,8,9,12
2022-10-30 21:18:37.365062,22,7,5,8,8,10
2022-10-30 22:18:37.720868,23,7,5,8,7,10
2022-10-30 23:18:39.365392,23,7,5,7,5,7
2022-10-31 00:18:41.128661,21,6,3,7,6,7
2022-10-31 01:18:42.835331,20,6,3,5,8,7
2022-10-31 02:18:44.854436,22,5,3,5,8,7
2022-10-31 03:18:45.574942,23,5,3,5,7,7
2022-10-31 04:18:45.885693,24,5,3,5,8,7
2022-10-31 05:18:46.587762,24,5,3,5,8,7
2022-10-31 06:18:48.413225,25,5,3,5,7,7
2022-10-31 07:18:50.937476,24,5,3,5,6,7
2022-10-31 08:18:53.149056,20,6,5,7,7,9
2022-10-31 09:18:54.178150,19,5,6,10,16,9
2022-10-31 10:18:56.394892,18,5,6,12,13,9
2022-10-31 11:18:59.265152,18,6,8,12,14,8
2022-10-31 12:19:01.862267,13,8,8,15,13,8
2022-10-31 13:19:04.077732,15,7,6,15,13,8
2022-10-31 14:19:05.150079,13,7,5,15,11,6
2022-10-31 15:19:05.551839,15,9,5,15,13,9
2022-10-31 16:19:07.900377,15,11,3,16,13,6
2022-10-31 17:19:08.572989,14,11,15,15,12,7
2022-10-31 18:19:11.047603,15,10,14,13,9,7
2022-10-31 19:19:12.059165,16,11,14,13,7,4
2022-10-31 20:19:13.156910,17,10,12,11,6,5
2022-10-31 21:19:15.342579,22,10,12,8,10,16
2022-10-31 22:19:15.714824,22,11,13,7,8,9
2022-10-31 23:19:18.083498,20,11,11,4,9,3
2022-11-01 00:19:20.713573,18,9,11,3,7,2
2022-11-01 01:19:23.507066,17,10,10,3,5,3
2022-11-01 02:19:25.793416,20,10,10,2,7,4
2022-11-01 03:19:27.006471,14,10,9,2,7,6
2022-11-01 04:19:27.768106,10,10,7,2,8,6
2022-11-01 05:19:30.722536,9,10,7,2,8,6
2022-11-01 06:19:33.571357,9,11,9,1,9,6
2022-11-01 07:19:35.358931,9,11,9,2,8,5
2022-11-01 08:19:37.045766,8,9,9,3,8,4
2022-11-01 09:19:37.315399,7,9,9,3,8,3
2022-11-01 10:19:38.633628,7,9,12,4,9,3
2022-11-01 11:19:39.272522,7,6,12,5,9,5
2022-11-01 12:19:40.231770,7,6,13,6,9,6
2022-11-01 13:19:41.614625,11,12,13,8,7,3
2022-11-01 14:19:42.605228,12,11,13,8,6,2
2022-11-01 15:19:43.527426,17,13,13,8,9,2
2022-11-01 16:19:45.106267,13,13,13,10,13,1
2022-11-01 17:19:46.295682,11,9,14,12,11,11
2022-11-01 18:19:48.603083,12,8,13,12,11,11
2022-11-01 19:19:51.362118,14,10,12,12,13,12
2022-11-01 20:19:54.181862,16,8,13,10,10,10
2022-11-01 21:19:54.895900,17,6,14,10,9,9
2022-11-01 22:19:55.905187,15,8,15,10,12,6
2022-11-01 23:19:57.698616,14,7,16,9,14,8
2022-11-02 00:19:57.519872,9,7,14,9,13,6
2022-11-02 01:20:00.323572,10,8,13,9,12,5
2022-11-02 02:20:00.867816,11,7,12,9,13,4
2022-11-02 03:20:02.356983,13,7,12,9,13,4
2022-11-02 04:20:03.868822,14,7,12,9,13,4
2022-11-02 05:20:05.779658,14,4,12,9,13,4
2022-11-02 06:20:06.706312,14,4,12,10,12,4
2022-11-02 07:20:08.579587,14,3,11,10,13,4
2022-11-02 08:20:10.910485,11,2,12,11,9,6
2022-11-02 09:20:10.966279,12,6,16,13,18,1
2022-11-02 10:20:11.794769,8,9,15,19,22,1
2022-11-02 11:20:11.504815,10,10,15,20,22,5
2022-11-02 12:20:12.867168,10,12,15,22,21,5
2022-11-02 13:20:12.975068,8,10,16,21,21,6
2022-11-02 14:20:14.690583,8,6,16,20,20,7
2022-11-02 15:20:15.106406,16,8,18,20,22,2
2022-11-02 18:20:19.687518,4,13,18,22,11,10
2022-11-02 19:20:22.628621,1,12,11,16,5,7
2022-11-02 20:20:24.357142,5,9,10,14,7,3
2022-11-02 21:20:26.677502,4,3,9,9,8,2
2022-11-02 22:20:28.366962,4,0,9,9,7,2
2022-11-02 23:20:30.851939,4,0,7,8,7,0
2022-11-03 00:20:31.312374,4,17,5,7,5,1
2022-11-03 01:20:32.432290,3,17,5,6,5,12
2022-11-03 02:20:33.323127,4,17,5,4,6,8
2022-11-03 03:20:35.007800,4,16,5,2,6,8
2022-11-03 04:20:36.018814,4,16,4,2,6,7
2022-11-03 05:20:36.971283,4,16,4,3,6,7
2022-11-03 06:20:38.387133,4,16,4,3,7,6
2022-11-03 07:20:41.375932,6,17,4,3,7,6
2022-11-03 08:20:43.216171,6,11,6,4,9,8
2022-11-03 09:20:45.189044,6,13,9,3,11,8
2022-11-03 10:20:46.314360,7,12,12,3,13,10
2022-11-03 11:20:48.679581,8,12,13,3,13,9
2022-11-03 12:20:48.692757,7,14,12,3,11,9
2022-11-03 13:20:49.491470,8,15,11,2,8,7
2022-11-03 14:20:51.551989,7,12,6,1,8,2
2022-11-03 15:20:53.682368,8,13,7,2,4,7
2022-11-03 16:20:56.073891,3,12,9,4,4,5
2022-11-03 17:20:56.145488,6,9,9,4,4,4
2022-11-03 18:20:57.537096,6,7,5,12,2,2
2022-11-03 19:20:59.209945,9,6,5,13,0,1
2022-11-03 20:21:00.368208,10,5,6,13,0,4
2022-11-03 21:21:02.395134,6,6,4,7,0,7
2022-11-03 22:21:03.779360,4,5,4,5,2,8
2022-11-03 23:21:06.215862,4,2,3,5,3,4
2022-11-04 00:21:06.923219,5,2,1,4,5,3
2022-11-04 01:21:08.144435,2,2,12,1,3,3
2022-11-04 02:21:10.783175,2,2,11,1,3,3
2022-11-04 03:21:12.372911,14,2,11,1,5,3
2022-11-04 04:21:12.975293,14,10,11,1,5,3
2022-11-04 05:21:13.358142,15,10,11,1,5,3
2022-11-04 06:21:14.313381,14,10,11,1,5,3
2022-11-04 07:21:16.109136,15,9,11,1,5,3
2022-11-04 08:21:16.535029,14,6,12,5,5,6
2022-11-04 09:21:17.902509,15,7,18,7,9,7
2022-11-04 10:21:20.753928,14,10,21,12,8,6
2022-11-04 11:21:21.639959,14,9,21,14,11,9
2022-11-04 12:21:22.162798,14,8,19,16,8,9
2022-11-04 13:21:24.998373,12,10,18,16,5,7
2022-11-04 14:21:27.504248,8,10,18,13,4,8
2022-11-04 15:21:28.970935,4,10,16,9,2,11
2022-11-04 16:21:30.575190,4,8,13,9,2,9
2022-11-04 17:21:32.356209,3,6,10,10,1,13
2022-11-04 18:21:33.591850,5,2,7,9,0,10
2022-11-04 19:21:34.780413,7,3,6,8,13,11
2022-11-04 20:21:37.946113,8,2,5,5,15,16
2022-11-04 21:21:37.935486,7,2,6,2,8,16
2022-11-04 22:21:39.748534,5,1,5,2,5,16
2022-11-04 23:21:41.978033,6,2,4,2,6,14
2022-11-05 00:21:44.247419,2,2,5,2,7,14
2022-11-05 01:21:46.209400,1,0,4,2,10,9
2022-11-05 02:21:48.936345,15,10,4,2,12,7
2022-11-05 03:21:48.931509,16,15,4,1,15,7
2022-11-05 04:21:49.072703,16,14,3,1,15,7
2022-11-05 05:21:49.652064,17,13,3,1,15,6
2022-11-05 06:21:52.251334,14,13,3,1,15,5
2022-11-05 07:21:55.332068,15,13,3,1,15,4
2022-11-05 08:21:56.938163,18,13,3,2,15,4
2022-11-05 09:21:58.949280,11,14,3,2,13,3
2022-11-05 10:21:59.189234,12,15,3,2,11,4
2022-11-05 11:22:01.743158,17,14,6,5,8,3
2022-11-05 12:22:03.949586,18,13,5,6,5,7
2022-11-05 13:22:05.048849,17,13,8,4,6,11
2022-11-05 14:22:05.311697,21,13,10,6,7,11
2022-11-05 15:22:07.568864,22,16,13,7,12,11
2022-11-05 16:22:09.512218,20,16,13,7,11,13
2022-11-05 17:22:11.474064,24,17,11,7,11,11
2022-11-05 18:22:11.586991,24,19,13,6,9,13
2022-11-05 19:22:14.436345,11,21,8,2,7,12
2022-11-05 20:22:15.338405,10,21,8,10,7,10
2022-11-05 21:22:17.701792,14,21,8,11,8,5
2022-11-05 22:22:19.675070,18,18,7,12,8,3
2022-11-05 23:22:21.145100,21,15,8,13,9,3
2022-11-06 00:22:23.957623,24,13,8,13,9,2
2022-11-06 01:22:24.593775,16,12,6,13,10,1
2022-11-06 02:22:27.350024,10,11,5,13,10,1
2022-11-06 03:22:30.368201,7,11,5,12,10,1
2022-11-06 04:22:32.749431,8,10,5,12,12,2
2022-11-06 05:22:35.147233,7,10,6,13,12,3
2022-11-06 06:22:37.851470,7,11,6,13,13,3
2022-11-06 07:22:40.867501,5,11,6,13,13,2
2022-11-06 08:22:42.011975,6,10,6,13,16,2
2022-11-06 09:22:44.506435,7,9,7,13,15,2
2022-11-06 10:22:44.831877,8,10,6,13,15,3
2022-11-06 11:22:46.760677,6,11,5,13,13,5
2022-11-06 12:22:48.347584,6,9,4,13,10,5
2022-11-06 13:22:51.209562,9,9,8,14,11,4
2022-11-06 14:22:54.441276,19,6,8,13,10,6
2022-11-06 15:22:56.415474,18,11,9,14,12,5
2022-11-06 16:22:57.378248,20,14,9,14,10,5
2022-11-06 17:22:57.545827,15,17,10,14,13,1
2022-11-06 18:22:59.528566,11,17,9,10,12,2
2022-11-06 19:23:02.351827,4,18,6,9,13,6
2022-11-06 20:23:02.589756,3,15,6,10,12,7
2022-11-06 21:23:03.824683,7,15,5,9,12,4
2022-11-06 22:23:04.479667,4,21,4,12,11,0
2022-11-06 23:23:05.178631,8,20,4,12,9,0
2022-11-07 00:23:06.034475,9,18,4,12,9,0
2022-11-07 01:23:09.323856,9,18,3,12,10,0
2022-11-07 02:23:12.457553,6,18,3,12,9,0
2022-11-07 03:23:13.206932,6,18,3,12,9,0
2022-11-07 04:23:13.749801,6,18,3,12,9,0
2022-11-07 05:23:14.407395,6,18,3,12,9,0
2022-11-07 06:23:17.371958,6,19,4,12,7,1
2022-11-07 07:23:18.490190,6,20,4,13,7,1
2022-11-07 08:23:20.974841,7,20,5,16,7,4
2022-11-07 09:23:22.484938,4,18,10,18,12,3
2022-11-07 10:23:25.041620,7,17,11,22,14,1
2022-11-07 11:23:27.436282,5,16,11,11,12,1
2022-11-07 12:23:29.661410,5,16,10,14,13,5
2022-11-07 13:23:31.648747,4,14,9,15,14,6
2022-11-07 14:23:34.549639,3,9,6,12,15,4
2022-11-07 15:23:35.974070,7,7,8,13,13,5
2022-11-07 16:23:36.510874,3,6,6,11,11,9
2022-11-07 17:23:37.014480,5,8,7,12,8,8
2022-11-07 18:23:37.570319,4,5,4,11,6,14
2022-11-07 19:23:39.285539,4,4,5,9,5,21
2022-11-07 20:23:40.744450,8,6,2,5,10,15
2022-11-07 21:23:43.243376,9,4,3,1,10,18
2022-11-07 22:23:44.173642,5,3,6,2,15,15
2022-11-07 23:23:45.945167,6,2,4,2,13,1
2022-11-08 00:23:46.329252,6,12,2,1,11,0
2022-11-08 01:23:47.796077,5,10,2,0,8,0
2022-11-08 02:23:49.821038,4,10,2,0,8,0
2022-11-08 03:23:49.841721,6,9,2,6,8,0
2022-11-08 04:23:52.189501,6,9,2,6,7,9
2022-11-08 05:23:52.604487,6,21,2,6,7,11
2022-11-08 06:23:53.703712,6,21,2,6,6,11
2022-11-08 07:23:55.456732,8,20,1,6,6,10
2022-11-08 08:23:58.476163,7,18,3,6,3,12
2022-11-08 09:24:00.628134,5,16,5,11,6,9
2022-11-08 10:24:03.447172,8,16,6,14,7,10
2022-11-08 11:24:03.720105,3,17,4,16,10,10
2022-11-08 13:24:06.180915,4,13,6,14,11,14
2022-11-08 14:24:07.739458,6,11,5,13,12,13
2022-11-08 15:24:09.504194,8,11,7,16,7,16
2022-11-08 16:24:11.308237,9,9,7,18,8,18
2022-11-08 17:24:12.063167,8,8,4,19,3,22
2022-11-08 18:24:13.280562,9,6,3,18,4,23
2022-11-08 19:24:14.204838,2,5,3,16,2,19
2022-11-08 20:24:14.459602,5,6,1,12,3,21
2022-11-08 21:24:15.432766,0,1,2,8,6,21
2022-11-08 22:24:17.911707,2,0,2,9,7,20
2022-11-08 23:24:18.600702,4,1,3,7,9,21
2022-11-09 00:24:21.624263,2,1,3,7,9,21
2022-11-09 01:24:24.514830,2,1,3,6,10,19
2022-11-09 02:24:25.386811,12,10,2,6,8,16
2022-11-09 03:24:28.406125,13,9,2,5,8,16
2022-11-09 04:24:29.425584,12,9,2,3,8,16
2022-11-09 05:24:30.935754,13,9,2,3,8,16
2022-11-09 06:24:33.802123,15,9,1,3,10,17
2022-11-09 07:24:34.093927,15,8,2,3,9,16
2022-11-09 08:24:35.280303,15,8,2,3,9,16
2022-11-09 09:24:35.381854,14,8,2,3,9,16
2022-11-09 10:24:36.116315,17,8,2,3,11,18
2022-11-09 11:24:37.416808,17,6,1,3,11,21
2022-11-09 12:24:39.211535,16,6,1,3,11,11
2022-11-09 13:24:41.036257,14,5,4,3,11,9
2022-11-09 14:24:43.346505,16,6,3,3,12,9
2022-11-09 15:24:43.607977,18,8,4,3,13,14
2022-11-09 16:24:44.888206,15,9,3,4,14,16
2022-11-09 17:24:46.190246,12,6,4,3,11,17
2022-11-09 18:24:47.727961,8,3,4,5,11,20
2022-11-09 19:24:48.959895,9,3,4,4,15,24
2022-11-09 20:24:51.608688,15,3,1,3,14,10
2022-11-09 21:24:52.646180,15,4,3,12,16,8
2022-11-09 22:24:52.980959,11,4,4,11,20,9
2022-11-09 23:24:54.584292,10,1,4,7,18,2
2022-11-10 00:24:56.834885,8,9,3,7,19,0
2022-11-10 01:24:59.991277,8,8,2,7,18,10
2022-11-10 02:25:02.557747,7,8,2,7,19,10
2022-11-10 03:25:04.431615,11,8,8,6,19,10
2022-11-10 04:25:05.789206,11,8,8,6,19,10
2022-11-10 05:25:06.184255,11,8,8,6,19,10
2022-11-10 06:25:08.794540,12,8,8,6,19,10
2022-11-10 07:25:10.680516,14,8,8,5,19,11
2022-11-10 08:25:11.701511,12,7,9,5,16,10
2022-11-10 09:25:11.910047,15,6,11,8,17,7
2022-11-10 10:25:12.858591,14,7,15,12,20,9
2022-11-10 11:25:13.441681,14,9,16,12,20,10
2022-11-10 12:25:15.165302,13,11,17,12,19,10
2022-11-10 13:25:16.910062,13,11,17,12,18,10
2022-11-10 14:25:18.977420,15,7,12,12,20,7
2022-11-10 15:25:19.636040,15,4,10,16,17,1
2022-11-10 16:25:20.325036,13,3,12,18,12,2
2022-11-10 17:25:20.544555,11,4,9,19,9,7
2022-11-10 18:25:21.628401,11,2,6,17,9,7
2022-11-10 19:25:23.821362,12,3,8,11,4,6
2022-11-10 20:25:25.205331,13,4,7,9,7,7
2022-11-10 21:25:26.918165,12,1,9,7,8,12
2022-11-10 22:25:27.270278,13,0,9,5,7,5
2022-11-10 23:25:28.559620,5,0,7,6,7,5
2022-11-11 00:25:28.865224,3,5,4,3,7,5
2022-11-11 01:25:31.008886,1,5,3,2,7,5
2022-11-11 02:25:34.018533,1,5,3,1,7,5
2022-11-11 03:25:34.938818,1,5,3,0,8,5
2022-11-11 04:25:35.855012,17,12,3,4,8,3
2022-11-11 05:25:36.024717,17,12,3,4,7,3
2022-11-11 06:25:38.147290,17,12,3,4,7,3
2022-11-11 07:25:40.249815,16,11,3,4,7,5
2022-11-11 08:25:42.354089,15,12,5,5,6,6
2022-11-11 09:25:43.458102,15,11,6,8,7,3
2022-11-11 10:25:46.202990,16,12,6,10,15,3
2022-11-11 11:25:46.848005,14,12,6,13,17,5
2022-11-11 12:25:49.124903,14,14,8,15,17,7
2022-11-11 13:25:51.486769,17,14,6,14,16,11
2022-11-11 14:25:53.716207,13,15,8,6,18,7
2022-11-11 15:25:53.894027,11,11,10,6,18,5
2022-11-11 16:25:55.689056,16,11,8,5,15,5
2022-11-11 17:25:56.182549,16,10,7,6,15,7
2022-11-11 18:25:58.066762,13,10,7,5,15,11
2022-11-11 19:26:00.065205,11,9,6,6,13,14
2022-11-11 20:26:01.294484,12,6,6,5,10,19
2022-11-11 21:26:01.352984,8,9,5,4,11,22
2022-11-11 22:26:04.165134,9,6,5,4,11,20
2022-11-11 23:26:05.783126,7,4,5,3,12,17
2022-11-12 00:26:06.157856,5,1,4,3,10,14
2022-11-12 01:26:08.486655,7,4,1,2,13,6
2022-11-12 02:26:09.387037,6,16,11,0,13,4
2022-11-12 03:26:09.881828,14,16,11,9,14,5
2022-11-12 04:26:11.616731,14,16,11,9,14,5
2022-11-12 05:26:13.472373,15,16,11,10,14,5
2022-11-12 06:26:13.732678,14,16,11,10,14,6
2022-11-12 07:26:13.897559,14,16,11,10,13,7
2022-11-12 08:26:16.271316,14,16,11,10,13,7
2022-11-12 09:26:16.615779,14,16,11,9,13,7
2022-11-12 10:26:19.675850,9,16,11,10,11,9
2022-11-12 11:26:20.612784,11,16,12,11,11,9
2022-11-12 12:26:22.919453,11,17,14,11,13,12
2022-11-12 13:26:24.237089,13,15,12,10,11,13
2022-11-12 14:26:26.843420,11,16,11,9,13,13
2022-11-12 15:26:27.186425,10,18,10,12,9,12
2022-11-12 16:26:29.203173,10,21,11,12,8,13
2022-11-12 17:26:31.529232,12,22,13,10,8,14
2022-11-12 18:26:32.395973,16,22,13,11,8,14
2022-11-12 19:26:35.259077,15,21,12,10,6,17
2022-11-12 20:26:36.239627,16,22,14,9,5,23
2022-11-12 21:26:39.338926,18,22,14,9,7,22
2022-11-12 22:26:40.575439,19,22,14,9,8,22
2022-11-12 23:26:42.737011,18,22,14,9,6,21
2022-11-13 00:26:42.803183,13,7,13,8,6,15
2022-11-13 01:26:49.892511,15,6,13,8,6,12
2022-11-13 02:26:47.749620,16,6,13,6,7,11
2022-11-13 03:26:48.673506,16,5,14,5,7,12
2022-11-13 04:26:49.479308,16,5,14,5,9,12
2022-11-13 05:26:50.224531,15,5,14,5,9,12
2022-11-13 06:26:51.604794,16,6,14,5,9,12
2022-11-13 07:26:54.084885,16,6,13,5,9,13
2022-11-13 08:26:55.608843,15,6,11,5,9,13
2022-11-13 09:26:58.572219,19,6,12,5,9,13
2022-11-13 10:27:00.053516,20,10,11,4,10,11
2022-11-13 11:27:00.077912,17,9,12,5,13,14
2022-11-13 12:27:00.907734,17,9,13,5,11,14
2022-11-13 13:27:03.225343,19,12,11,5,7,16
2022-11-13 14:27:03.488802,16,9,14,2,4,18
2022-11-13 15:27:04.977954,9,4,9,0,3,21
2022-11-13 16:27:06.134992,11,6,11,2,4,19
2022-11-13 17:27:07.133899,13,8,9,5,2,18
2022-11-13 18:27:08.350370,17,9,9,5,3,21
2022-11-13 19:27:10.200197,16,8,8,6,5,22
2022-11-13 20:27:10.386122,17,6,5,4,6,20
2022-11-13 21:27:11.381368,13,6,4,5,7,18
2022-11-13 22:27:12.278724,11,7,4,5,8,18
2022-11-13 23:27:13.824391,9,6,5,4,9,17
2022-11-14 00:27:15.555216,11,6,3,4,11,16
2022-11-14 01:27:17.863534,11,6,3,4,9,15
2022-11-14 02:27:19.615666,11,6,3,4,9,13
2022-11-14 03:27:19.509565,11,6,3,3,9,12
2022-11-14 04:27:21.575021,11,6,3,3,9,12
2022-11-14 05:27:23.500325,11,6,3,3,9,12
2022-11-14 06:27:23.963946,11,6,3,3,9,12
2022-11-14 07:27:25.795999,12,6,4,3,9,12
2022-11-14 08:27:28.891727,10,5,8,3,6,14
2022-11-14 09:27:30.099928,8,4,11,6,11,11
2022-11-14 10:27:32.096082,5,5,12,11,10,9
2022-11-14 11:27:34.600071,7,5,12,12,9,8
2022-11-14 12:27:36.720142,6,5,13,12,8,12
2022-11-14 13:27:38.966645,5,4,11,13,9,12
2022-11-14 14:27:39.639097,4,3,13,8,13,5
2022-11-14 15:27:40.571931,5,5,12,9,17,7
2022-11-14 16:27:43.313899,7,2,13,11,13,9
2022-11-14 17:27:45.042375,5,4,11,9,12,9
2022-11-14 18:27:46.447518,5,1,6,8,7,12
2022-11-14 19:27:47.018614,5,2,5,6,5,14
2022-11-14 20:27:47.290410,10,2,4,6,6,13
2022-11-14 21:27:48.578371,7,12,4,5,4,9
2022-11-14 22:27:49.759284,9,7,4,5,7,12
2022-11-14 23:27:52.624266,8,7,4,5,7,10
2022-11-15 00:27:53.967597,5,7,3,4,6,10
2022-11-15 01:27:55.659687,4,7,3,4,7,9
2022-11-15 02:27:58.119743,5,7,3,2,8,8
2022-11-15 03:27:58.809945,5,6,3,3,8,8
2022-11-15 04:28:01.405650,5,6,3,3,8,8
2022-11-15 05:28:03.225693,5,6,3,3,7,8
2022-11-15 06:28:03.740641,6,6,3,3,8,8
2022-11-15 07:28:05.442924,7,6,3,3,9,8
2022-11-15 08:28:06.667587,3,6,5,4,7,11
2022-11-15 09:28:08.850222,6,4,6,9,2,8
2022-11-15 10:28:10.759531,8,6,7,14,5,7
2022-11-15 11:28:11.366387,8,7,8,14,4,7
2022-11-15 12:28:13.163923,10,7,7,11,6,7
2022-11-15 13:28:15.831474,6,5,5,12,6,7
2022-11-15 14:28:18.007050,9,2,4,10,8,5
2022-11-15 15:28:20.343132,9,3,2,9,8,8
2022-11-15 16:28:23.170014,4,4,18,6,5,7
2022-11-15 17:28:25.914090,8,1,16,6,7,7
2022-11-15 18:28:26.551610,8,1,16,13,6,7
2022-11-15 19:28:28.044162,6,2,17,12,6,8
2022-11-15 20:28:30.896653,8,2,17,10,9,11
2022-11-15 21:28:31.313518,6,1,16,9,7,12
2022-11-15 22:28:31.966017,5,1,15,10,6,10
2022-11-15 23:28:32.458580,6,0,15,10,6,7
2022-11-16 00:28:33.014028,6,12,15,10,5,5
2022-11-16 01:28:33.825254,6,10,15,9,5,5
2022-11-16 02:28:35.024493,7,10,15,10,5,5
2022-11-16 03:28:36.824214,7,9,15,8,5,6
2022-11-16 04:28:39.139390,16,18,15,8,5,6
2022-11-16 05:28:40.658652,16,18,15,8,6,6
2022-11-16 06:28:43.680363,16,18,15,8,6,6
2022-11-16 07:28:44.832625,17,18,14,7,6,6
2022-11-16 08:28:44.813489,14,16,14,10,6,7
2022-11-16 09:28:47.624105,16,18,22,12,7,7
2022-11-16 10:28:50.614125,18,19,20,17,10,8
2022-11-16 11:28:52.741469,17,20,19,17,12,7
2022-11-16 12:28:55.705272,19,17,19,18,10,6
2022-11-16 13:28:56.083741,20,17,20,20,9,7
2022-11-16 14:28:58.799546,19,17,21,20,11,7
2022-11-16 15:29:00.213292,19,16,21,20,12,4
2022-11-16 16:29:00.328451,22,20,21,20,13,4
2022-11-16 17:29:02.580186,21,20,19,18,11,4
2022-11-16 18:29:04.331237,18,18,15,19,10,4
2022-11-16 19:29:07.300437,13,19,14,16,9,6
2022-11-16 20:29:08.054437,19,21,13,15,8,6
2022-11-16 21:29:11.008366,17,19,13,12,5,6
2022-11-16 22:29:12.006749,17,18,13,12,10,3
2022-11-16 23:29:13.346039,15,12,12,12,10,4
2022-11-17 00:29:13.257070,12,14,12,11,12,4
2022-11-17 01:29:14.080595,14,14,12,10,7,5
2022-11-17 02:29:15.408025,13,14,12,10,7,4
2022-11-17 03:29:16.336151,13,14,12,10,7,4
2022-11-17 04:29:18.416274,13,14,12,10,7,4
2022-11-17 05:29:20.002510,11,14,12,11,7,4
2022-11-17 06:29:20.191496,11,14,12,11,8,4
2022-11-17 07:29:21.921157,15,14,12,10,9,5
2022-11-17 08:29:22.801468,5,14,12,11,4,8
2022-11-17 09:29:25.073709,3,12,15,12,5,4
2022-11-17 10:29:25.325311,5,13,16,16,6,4
2022-11-17 11:29:26.082473,8,14,14,19,6,4
2022-11-17 12:29:28.343393,7,14,14,20,5,6
2022-11-17 13:29:31.185595,2,15,11,17,4,7
2022-11-17 14:29:33.188116,7,12,8,15,8,9
2022-11-17 15:29:33.889848,9,12,10,16,6,5
2022-11-17 16:29:34.242516,2,10,12,17,1,6
2022-11-17 17:29:34.559730,3,9,8,16,14,4
2022-11-17 18:29:35.263258,6,4,7,15,13,9
2022-11-17 19:29:36.525264,8,1,2,13,12,8
2022-11-17 20:29:38.714040,7,2,1,10,10,12
2022-11-17 21:29:40.643187,3,2,4,8,6,14
2022-11-17 22:29:46.892430,1,2,1,5,9,9
2022-11-17 23:29:49.230421,2,1,1,7,5,4
2022-11-18 00:29:50.932997,1,2,10,5,5,4
2022-11-18 01:29:52.019137,0,2,8,3,5,6
2022-11-18 02:29:52.551898,7,1,7,3,5,6
2022-11-18 03:29:53.318650,7,2,6,3,5,5
2022-11-18 04:29:56.004397,8,2,6,3,5,3
2022-11-18 05:29:58.919620,8,11,6,3,4,4
2022-11-18 06:30:01.295970,8,11,6,3,5,4
2022-11-18 07:30:03.793863,8,11,6,3,6,4
2022-11-18 08:30:04.377921,5,11,6,3,4,6
2022-11-18 09:30:06.814320,6,12,6,4,2,4
2022-11-18 10:30:08.538392,9,13,6,9,5,3
2022-11-18 11:30:10.084222,8,12,5,10,2,3
2022-11-18 12:30:12.737897,9,13,6,11,2,3
2022-11-18 13:30:12.995274,6,12,4,11,4,4
2022-11-18 14:30:15.436949,8,12,2,7,2,2
2022-11-18 15:30:16.275784,12,7,1,4,6,3
2022-11-18 16:30:17.377661,15,7,2,4,6,7
2022-11-18 17:30:17.512857,8,10,1,4,4,5
2022-11-18 18:30:18.356562,15,12,2,5,5,6
2022-11-18 19:30:20.089474,20,12,6,4,4,21
2022-11-18 20:30:20.380186,19,14,7,4,2,10
2022-11-18 21:30:23.000227,19,13,5,3,0,17
2022-11-18 22:30:23.553020,19,16,6,3,0,12
2022-11-18 23:30:25.417121,22,15,6,1,0,15
2022-11-19 00:30:27.700636,14,11,4,1,0,9
2022-11-19 01:30:29.393849,15,9,2,1,1,3
2022-11-19 02:30:32.731798,13,7,2,1,0,5
2022-11-19 03:30:35.122569,13,5,1,1,1,7
2022-11-19 04:30:36.102767,13,5,8,1,1,6
2022-11-19 05:30:38.683506,15,5,8,7,3,6
2022-11-19 06:30:40.651459,14,4,8,7,6,5
2022-11-19 07:30:42.730335,13,4,8,7,6,6
2022-11-19 08:30:45.093395,8,5,8,7,6,5
2022-11-19 09:30:45.853363,16,5,8,7,6,5
2022-11-19 10:30:47.176963,17,7,7,8,4,7
2022-11-19 11:30:47.287962,20,7,7,9,3,5
2022-11-19 12:30:49.161276,23,6,3,10,3,2
2022-11-19 13:30:50.836548,25,5,6,10,1,6
2022-11-19 14:30:51.587521,24,6,5,8,2,5
2022-11-19 15:30:54.007296,23,5,7,9,2,7
2022-11-19 16:30:56.310507,14,6,5,9,3,9
2022-11-19 17:30:57.815103,18,6,10,9,3,15
2022-11-19 18:31:00.655876,13,7,10,10,3,13
2022-11-19 19:31:03.706793,10,7,11,10,6,12
2022-11-19 20:31:04.405636,10,7,11,9,9,16
2022-11-19 21:31:05.431052,6,5,12,9,7,14
2022-11-19 22:31:06.265205,8,4,11,9,6,13
2022-11-19 23:31:07.136774,5,4,11,9,8,12
2022-11-20 00:31:09.521225,4,3,11,8,8,7
2022-11-20 01:31:11.311889,18,3,14,6,9,6
2022-11-20 02:31:11.787365,16,1,13,5,8,3
2022-11-20 03:31:13.171120,12,1,13,3,8,2
2022-11-20 04:31:13.733935,13,12,13,4,9,2
2022-11-20 05:31:15.249869,12,13,13,5,9,2
2022-11-20 06:31:18.289272,13,14,13,5,12,2
2022-11-20 07:31:21.343929,10,14,13,5,12,2
2022-11-20 08:31:22.059768,13,14,13,5,12,2
2022-11-20 09:31:22.219047,13,14,13,5,12,2
2022-11-20 10:31:23.119720,13,16,13,5,11,3
2022-11-20 11:31:23.706416,11,15,15,5,8,5
2022-11-20 12:31:24.831656,12,16,13,10,8,7
2022-11-20 13:31:26.285965,12,17,13,10,7,11
2022-11-20 14:31:26.344796,19,18,12,10,6,10
2022-11-20 15:31:28.787679,23,17,17,12,7,9
2022-11-20 16:31:31.309025,21,19,18,11,5,12
2022-11-20 17:31:33.336928,20,18,15,9,7,9
2022-11-20 18:31:34.764254,21,18,16,13,6,14
2022-11-20 19:31:37.299086,20,19,14,14,7,12
2022-11-20 20:31:39.190123,24,15,13,13,8,4
2022-11-20 21:31:40.694457,15,16,14,12,9,3
2022-11-20 22:31:41.230438,15,15,15,11,10,4
2022-11-20 23:31:42.025418,12,13,15,11,10,3
2022-11-21 00:31:44.157217,10,13,15,11,10,4
2022-11-21 01:31:45.245256,9,12,15,9,11,5
2022-11-21 02:31:45.218536,8,12,15,8,11,5
2022-11-21 03:31:47.408560,8,12,15,8,11,4
2022-11-21 04:31:47.655606,8,11,15,8,11,4
2022-11-21 05:31:47.952591,8,11,15,8,10,4
2022-11-21 06:31:48.185390,8,11,15,8,10,4
2022-11-21 07:31:48.654711,10,10,15,8,9,3
2022-11-21 08:31:49.914191,7,11,17,9,5,5
2022-11-21 09:31:51.403024,4,6,18,11,9,3
2022-11-21 10:31:53.658449,5,7,19,14,9,2
2022-11-21 11:31:55.273921,5,8,18,16,8,3
2022-11-21 12:31:55.896507,6,10,18,16,8,3
2022-11-21 13:31:58.292757,8,10,17,16,8,2
2022-11-21 14:31:59.627841,9,10,16,15,8,3
2022-11-21 15:32:01.052970,9,9,17,16,10,3
2022-11-21 16:32:02.100210,11,9,16,17,11,1
2022-11-21 17:32:03.780064,14,9,14,19,11,5
2022-11-21 18:32:05.398699,11,10,16,17,8,4
2022-11-21 19:32:07.479813,9,8,13,17,5,4
2022-11-21 20:32:08.830220,10,6,12,15,4,6
2022-11-21 21:32:08.845786,12,7,11,15,6,4
2022-11-21 22:32:09.426282,14,6,11,15,5,2
2022-11-21 23:32:10.044790,14,7,10,14,5,1
2022-11-22 00:32:11.096417,14,5,10,14,5,2
2022-11-22 01:32:13.181468,14,5,10,13,5,4
2022-11-22 02:32:16.316250,14,4,10,13,6,4
2022-11-22 03:32:18.350638,14,14,10,6,6,4
2022-11-22 04:32:19.431352,14,14,9,6,6,4
2022-11-22 05:32:20.605590,14,14,10,6,5,4
2022-11-22 06:32:21.011617,14,14,10,6,5,4
2022-11-22 07:32:22.893468,16,13,9,5,5,4
2022-11-22 08:32:24.270474,12,14,9,5,3,6
2022-11-22 09:32:27.275342,11,14,12,6,7,4
2022-11-22 10:32:27.824411,12,15,12,7,13,4
2022-11-22 11:32:28.583978,8,16,11,7,13,4
2022-11-22 12:32:30.767547,9,17,11,8,14,10
2022-11-22 13:32:30.863014,11,16,11,9,13,11
2022-11-22 14:32:33.783423,14,19,12,9,18,14
2022-11-22 15:32:35.573043,18,19,13,9,18,14
2022-11-22 16:32:36.153370,15,20,12,9,21,16
2022-11-22 17:32:36.976405,14,10,13,9,10,17
2022-11-22 18:32:37.881106,15,10,11,8,8,15
2022-11-22 19:32:38.661832,14,8,10,7,10,15
2022-11-22 20:32:40.567892,19,11,11,7,10,16
2022-11-22 21:32:42.990158,16,14,11,7,8,13
2022-11-22 22:32:45.301419,15,13,11,7,8,12
2022-11-22 23:32:47.503805,13,10,10,5,9,13
2022-11-23 00:32:48.282569,8,9,9,5,7,13
2022-11-23 01:32:49.372644,7,9,9,6,6,14
2022-11-23 02:32:52.153127,8,9,9,6,6,12
2022-11-23 03:32:54.477954,4,9,9,6,7,12
2022-11-23 04:32:54.835283,4,9,9,6,7,11
2022-11-23 05:32:57.238877,4,9,9,6,7,11
2022-11-23 06:32:57.726467,4,9,9,6,7,11
2022-11-23 07:32:58.310458,7,8,9,6,7,11
2022-11-23 08:33:00.646177,2,10,11,6,7,10
2022-11-23 09:33:00.879364,2,8,13,9,9,8
2022-11-23 10:33:02.668433,12,8,15,11,7,9
2022-11-23 11:33:05.716809,13,5,17,11,8,11
2022-11-23 12:33:09.014215,8,7,17,12,8,11
2022-11-23 13:33:09.298831,9,6,17,12,8,11
2022-11-23 14:33:11.134631,10,6,15,11,10,11
2022-11-23 15:33:12.813269,12,7,14,11,11,8
2022-11-23 16:33:15.436322,11,7,15,12,10,7
2022-11-23 17:33:15.529750,10,7,13,10,10,8
2022-11-23 18:33:18.424376,5,6,13,10,8,8
2022-11-23 19:33:19.785039,8,4,12,10,9,7
2022-11-23 20:33:21.084548,3,7,10,10,8,8
2022-11-23 21:33:24.087656,3,3,10,7,5,4
2022-11-23 22:33:26.142470,4,3,12,7,9,2
2022-11-23 23:33:28.296616,6,2,9,5,9,2
2022-11-24 00:33:30.941009,0,1,7,4,9,1
2022-11-24 01:33:33.657141,9,10,6,4,5,1
2022-11-24 02:33:35.418171,11,10,5,3,5,1
2022-11-24 03:33:36.291200,11,10,5,3,5,9
2022-11-24 04:33:37.514226,12,12,11,3,5,9
2022-11-24 05:33:39.311297,12,12,11,3,7,9
2022-11-24 06:33:39.709614,11,12,11,3,7,7
2022-11-24 07:33:40.513630,14,13,10,3,7,8
2022-11-24 08:33:43.461038,7,14,7,4,6,8
2022-11-24 09:33:44.937554,2,14,12,6,9,9
2022-11-24 10:33:46.143003,8,13,12,7,10,8
2022-11-24 11:33:46.682444,7,11,14,7,10,11
2022-11-24 12:33:49.852034,10,12,12,7,7,12
2022-11-24 13:33:51.255484,8,11,10,7,7,12
2022-11-24 14:33:54.265189,8,10,10,5,9,13
2022-11-24 15:33:55.227692,10,12,9,8,7,13
2022-11-24 16:33:55.932789,10,7,11,8,6,13
2022-11-24 17:33:58.208392,5,8,6,7,7,11
2022-11-24 18:33:59.231150,13,7,7,4,3,12
2022-11-24 19:34:00.698923,14,6,6,4,5,13
2022-11-24 20:34:02.259545,2,4,7,3,8,19
2022-11-24 21:34:05.353668,4,4,6,3,5,20
2022-11-24 22:34:06.760168,5,4,6,3,6,18
2022-11-24 23:34:08.340015,4,3,6,3,5,15
2022-11-25 00:34:08.844091,11,2,7,3,5,15
2022-11-25 01:34:09.701378,7,13,9,3,5,14
2022-11-25 02:34:10.944471,6,13,7,3,5,12
2022-11-25 03:34:12.262179,6,13,7,2,5,12
2022-11-25 04:34:12.342137,5,13,7,2,5,14
2022-11-25 05:34:13.315356,6,12,7,2,4,14
2022-11-25 06:34:15.151222,6,12,7,2,5,14
2022-11-25 07:34:17.022791,6,11,7,2,6,14
2022-11-25 08:34:19.294107,4,11,9,4,4,15
2022-11-25 09:34:21.058248,5,7,12,5,11,13
2022-11-25 10:34:21.526773,2,6,11,7,11,16
2022-11-25 11:34:23.677048,6,6,11,8,14,16
2022-11-25 12:34:24.789257,7,5,12,8,13,16
2022-11-25 13:34:27.987413,3,5,11,7,11,20
2022-11-25 14:34:30.320470,9,7,10,3,12,18
2022-11-25 15:34:33.193982,11,7,6,4,15,20
2022-11-25 16:34:35.725092,13,8,7,5,14,21
2022-11-25 17:34:38.689412,8,8,6,5,14,24
2022-11-25 18:34:39.523898,13,10,6,3,9,7
2022-11-25 19:34:42.034165,11,11,4,5,9,9
2022-11-25 20:34:43.706822,8,6,4,3,9,9
2022-11-25 21:34:44.798416,6,6,5,2,11,20
2022-11-25 22:34:46.410727,7,7,6,2,12,16
2022-11-25 23:34:50.792277,7,6,2,2,10,16
2022-11-26 00:34:52.969295,6,4,1,1,8,18
2022-11-26 01:34:53.863988,6,3,1,1,6,16
2022-11-26 02:34:55.177157,4,0,8,1,7,11
2022-11-26 03:34:55.307404,3,9,7,1,7,11
2022-11-26 04:34:55.772208,4,8,6,1,7,11
2022-11-26 05:34:56.832957,4,7,7,2,6,12
2022-11-26 06:34:59.391704,4,7,7,2,5,10
2022-11-26 07:35:00.379816,4,7,7,2,5,11
2022-11-26 08:35:01.874385,6,7,7,2,6,12
2022-11-26 09:35:04.315517,5,7,8,2,5,12
2022-11-26 10:35:04.611414,3,9,7,3,6,15
2022-11-26 11:35:06.413892,8,8,8,5,6,15
2022-11-26 12:35:09.294392,9,13,9,6,6,15
2022-11-26 13:35:11.739403,8,12,8,6,2,21
2022-11-26 14:35:12.316801,9,12,9,3,3,20
2022-11-26 15:35:14.246088,9,13,12,3,8,17
2022-11-26 16:35:16.369286,12,11,10,3,8,19
2022-11-26 17:35:18.483094,13,13,7,4,3,20
2022-11-26 18:35:18.611916,5,14,7,5,7,20
2022-11-26 19:35:19.768597,7,12,8,5,2,20
2022-11-26 20:35:20.696855,10,13,8,4,5,17
2022-11-26 21:35:23.293380,11,14,9,5,4,18
2022-11-26 22:35:25.543107,15,14,8,5,4,17
2022-11-26 23:35:26.006238,12,14,8,5,6,15
2022-11-27 00:35:27.206779,4,10,8,3,5,14
2022-11-27 01:35:28.651586,4,8,7,3,4,16
2022-11-27 02:35:30.204545,7,8,7,3,4,11
2022-11-27 03:35:31.703939,5,9,7,3,6,10
2022-11-27 04:35:32.645013,3,8,7,1,5,12
2022-11-27 05:35:33.807776,3,7,7,0,5,12
2022-11-27 06:35:36.209895,3,8,7,0,6,12
2022-11-27 07:35:36.961823,3,7,7,0,6,13
2022-11-27 08:35:39.528393,3,7,7,0,4,13
2022-11-27 09:35:40.735238,4,6,7,0,4,13
2022-11-27 10:35:41.593766,4,8,8,0,3,12
2022-11-27 11:35:41.856010,7,8,6,0,3,11
2022-11-27 12:35:42.491782,9,7,7,1,3,11
2022-11-27 13:35:43.844540,15,6,9,3,3,16
2022-11-27 14:35:46.371422,20,3,10,6,3,17
2022-11-27 15:35:47.461237,7,6,11,6,6,10
2022-11-27 16:35:49.602030,8,7,9,4,9,12
2022-11-27 17:35:51.078595,9,8,9,4,4,11
2022-11-27 18:35:53.253275,9,8,13,4,9,13
2022-11-27 19:35:55.654822,4,9,14,4,10,17
2022-11-27 20:35:58.213680,9,7,13,3,9,14
2022-11-27 21:36:01.183677,10,8,13,2,12,14
2022-11-27 22:36:03.590540,9,10,13,3,11,11
2022-11-27 23:36:05.841894,6,9,13,2,11,12
2022-11-28 00:36:07.097349,7,9,13,2,11,11
2022-11-28 01:36:10.139471,7,9,13,2,11,11
2022-11-28 02:36:12.143461,9,10,13,2,11,11
2022-11-28 03:36:12.121470,9,10,13,6,11,11
2022-11-28 04:36:12.470682,15,10,13,6,11,11
2022-11-28 05:36:12.581144,15,10,13,6,11,10
2022-11-28 06:36:14.307725,15,10,13,6,11,10
2022-11-28 07:36:17.032973,15,10,14,6,12,10
2022-11-28 08:36:19.812434,17,9,15,7,10,11
2022-11-28 09:36:20.837820,14,9,19,11,13,10
2022-11-28 10:36:21.563551,15,12,20,13,13,10
2022-11-28 11:36:21.687215,16,13,23,12,14,10
2022-11-28 12:36:23.432555,17,13,23,12,12,13
2022-11-28 13:36:25.578464,16,12,21,12,12,14
2022-11-28 14:36:26.976733,16,9,17,10,17,11
2022-11-28 15:36:28.165363,22,6,15,12,19,15
2022-11-28 16:36:29.279286,22,8,17,12,16,19
2022-11-28 17:36:30.054093,20,11,17,12,18,20
2022-11-28 18:36:32.773627,23,9,15,10,17,18
2022-11-28 19:36:34.275370,25,13,16,10,12,14
2022-11-28 20:36:36.933629,24,12,13,8,12,15
2022-11-28 21:36:38.027453,19,14,13,9,12,14
2022-11-28 22:36:38.275272,16,15,14,7,14,10
2022-11-28 23:36:38.991897,14,15,14,7,12,11
2022-11-29 00:36:41.451817,12,14,14,6,11,11
2022-11-29 01:36:42.617309,10,14,14,6,11,11
2022-11-29 02:36:45.047336,15,14,14,6,11,11
2022-11-29 03:36:46.321099,15,14,13,6,11,11
2022-11-29 04:36:47.144056,15,16,13,6,11,11
2022-11-29 05:36:49.919886,15,16,13,6,11,11
2022-11-29 06:36:51.888838,15,16,13,6,10,11
2022-11-29 07:36:54.515327,16,12,11,6,9,10
2022-11-29 08:36:56.017239,15,11,12,6,4,11
2022-11-29 09:36:56.681521,19,11,15,8,1,10
2022-11-29 10:36:59.516917,22,9,15,11,3,12
2022-11-29 11:37:01.003449,19,7,14,12,4,12
2022-11-29 12:37:01.503147,24,7,16,13,6,14
2022-11-29 13:37:02.224727,5,8,14,11,6,14
2022-11-29 14:37:04.296337,6,7,12,8,9,14
2022-11-29 15:37:04.732825,9,9,12,8,8,16
2022-11-29 16:37:04.892435,7,11,13,11,11,14
2022-11-29 17:37:07.272435,7,8,11,10,8,16
2022-11-29 18:37:10.086896,3,5,9,7,6,15
2022-11-29 19:37:12.145343,3,6,8,7,6,16
2022-11-29 20:37:14.891544,2,5,4,8,6,20
2022-11-29 21:37:15.484920,1,1,3,8,7,12
2022-11-29 22:37:15.681858,4,1,3,7,8,8
2022-11-29 23:37:16.071503,1,5,1,7,12,6
2022-11-30 00:37:17.627363,1,4,1,4,11,6
2022-11-30 01:37:18.944714,10,4,1,3,10,6
2022-11-30 02:37:21.813548,11,4,12,1,10,7
2022-11-30 03:37:24.377556,10,4,12,1,11,7
2022-11-30 04:37:27.016165,10,7,11,1,11,7
2022-11-30 05:37:29.746231,10,7,10,1,11,7
2022-11-30 06:37:31.829407,10,8,11,1,12,7
2022-11-30 07:37:32.533984,9,8,11,1,13,5
2022-11-30 08:37:34.208989,8,9,12,4,8,5
2022-11-30 09:37:36.504754,12,13,11,6,9,4
2022-11-30 10:37:38.806094,11,13,12,8,13,8
2022-11-30 11:37:40.718166,12,14,7,8,13,10
2022-11-30 12:37:42.599985,12,14,6,7,12,8
2022-11-30 13:37:44.655646,11,12,4,8,12,9
2022-11-30 14:37:46.759462,8,11,3,7,12,8
2022-11-30 15:37:47.376982,4,12,6,7,18,12
2022-11-30 16:37:49.530096,8,11,7,6,16,16
2022-11-30 17:37:49.966168,6,9,7,8,12,16
2022-11-30 18:37:50.144290,5,2,4,6,7,17
2022-11-30 19:37:52.962067,5,12,4,5,8,15
2022-11-30 20:37:53.507939,8,7,5,4,10,16
2022-11-30 21:37:54.776040,6,7,2,3,12,10
2022-11-30 22:37:55.310185,7,5,2,4,13,10
2022-11-30 23:37:57.966166,7,1,2,2,11,10
2022-12-01 00:38:00.036831,5,1,2,2,10,9
2022-12-01 01:38:01.975828,3,1,2,1,10,8
2022-12-01 02:38:03.801505,3,1,2,1,9,7
2022-12-01 03:38:04.666969,4,9,2,5,9,7
2022-12-01 04:38:04.841005,4,9,2,6,9,7
2022-12-01 05:38:07.399398,4,9,2,6,10,7
2022-12-01 06:38:08.507616,5,9,2,6,11,7
2022-12-01 07:38:10.457698,6,8,2,6,11,6
2022-12-01 08:38:11.516899,9,6,1,7,7,5
2022-12-01 09:38:12.241748,6,5,3,7,7,3
2022-12-01 10:38:13.826930,8,7,3,11,9,6
2022-12-01 11:38:15.049883,9,6,3,12,10,8
2022-12-01 12:38:15.009910,7,7,2,12,8,8
2022-12-01 13:38:17.065422,7,7,1,11,8,11
2022-12-01 14:38:19.499917,9,4,2,7,10,8
2022-12-01 15:38:20.041706,6,4,1,11,16,13
2022-12-01 16:38:22.605977,3,4,1,12,15,12
2022-12-01 17:38:23.984741,5,5,1,12,8,11
2022-12-01 18:38:26.930051,7,5,3,8,10,13
2022-12-01 19:38:28.305256,9,6,2,5,6,19
2022-12-01 20:38:28.531732,11,6,3,3,9,20
2022-12-01 21:38:28.924182,11,6,2,3,9,15
2022-12-01 22:38:31.691917,11,7,2,3,10,14
2022-12-01 23:38:32.209420,8,6,4,3,10,8
2022-12-02 00:38:35.201110,5,6,4,2,11,6
2022-12-02 01:38:37.069032,6,5,3,3,11,5
2022-12-02 02:38:39.828520,5,5,3,2,11,5
2022-12-02 03:38:41.998944,6,5,3,1,11,5
2022-12-02 04:38:43.878345,5,5,11,6,9,6
2022-12-02 05:38:46.460991,5,5,11,6,8,6
2022-12-02 06:38:48.466636,2,5,11,6,8,6
2022-12-02 07:38:52.414543,2,5,11,6,9,6
2022-12-02 08:38:52.216507,3,3,13,7,8,5
2022-12-02 09:38:53.013123,6,3,12,11,10,6
2022-12-02 10:38:55.260311,6,4,11,11,15,7
2022-12-02 11:38:56.858315,4,7,9,11,14,7
2022-12-02 12:38:57.632586,3,8,9,12,17,8
2022-12-02 13:38:59.338739,3,8,9,10,19,10
2022-12-02 14:39:02.073641,1,7,9,13,19,9
2022-12-02 15:39:04.387207,2,2,8,12,22,9
2022-12-02 16:39:04.738760,5,2,3,10,15,12
2022-12-02 17:39:05.125043,4,1,10,10,14,14
2022-12-02 18:39:06.442290,9,2,10,9,15,16
2022-12-02 19:39:07.267309,14,4,10,12,17,19
2022-12-02 20:39:08.050288,13,3,10,12,20,15
2022-12-02 21:39:09.441002,9,4,7,12,17,20
2022-12-02 22:39:11.983743,12,3,6,12,16,16
2022-12-02 23:39:14.619251,12,2,8,12,16,14
2022-12-03 00:39:16.218204,10,3,6,13,16,12
2022-12-03 01:39:19.029816,11,3,3,11,16,11
2022-12-03 02:39:21.024845,11,3,3,10,15,11
2022-12-03 03:39:21.762010,8,4,3,8,16,10
2022-12-03 04:39:23.110374,8,12,9,8,16,10
2022-12-03 05:39:23.532811,9,11,9,8,15,10
2022-12-03 06:39:24.860637,9,11,10,8,16,9
2022-12-03 07:39:27.075929,10,11,10,8,16,10
2022-12-03 08:39:29.050943,10,11,10,8,16,10
2022-12-03 09:39:31.829172,10,11,10,8,15,11
2022-12-03 10:39:32.484254,8,11,9,9,13,12
2022-12-03 11:39:34.164727,12,13,9,9,13,13
2022-12-03 12:39:36.215551,6,15,10,11,13,12
2022-12-03 13:39:36.583719,2,14,8,12,9,14
2022-12-03 14:39:36.847974,4,15,10,11,9,13
2022-12-03 15:39:39.590684,8,17,13,9,12,12
2022-12-03 16:39:42.170264,7,16,13,9,12,13
2022-12-03 17:39:44.680887,11,14,12,9,12,14
2022-12-03 18:39:46.541439,16,14,13,9,16,16
2022-12-03 19:39:49.445239,14,14,13,9,17,17
2022-12-03 20:39:51.645910,13,16,14,9,16,18
2022-12-03 21:39:53.705198,14,14,13,9,13,20
2022-12-03 22:39:56.113020,13,14,12,7,12,18
2022-12-03 23:39:56.762783,12,14,12,7,13,19
2022-12-04 00:39:58.352681,11,10,12,8,11,19
2022-12-04 01:40:00.644650,11,9,11,7,10,17
2022-12-04 02:40:03.539239,11,9,11,6,11,12
2022-12-04 03:40:04.041542,11,10,11,6,11,11
2022-12-04 04:40:04.249761,11,10,11,5,12,11
2022-12-04 05:40:05.208830,12,9,11,5,12,11
2022-12-04 06:40:06.278072,12,10,11,5,12,11
2022-12-04 07:40:06.645637,11,11,11,5,12,11
2022-12-04 08:40:09.235799,13,11,11,5,12,11
2022-12-04 09:40:09.682638,13,11,11,5,11,11
2022-12-04 10:40:10.924811,11,11,9,5,10,11
2022-12-04 11:40:11.217843,12,12,9,6,8,12
2022-12-04 12:40:11.389735,14,13,9,6,8,16
2022-12-04 13:40:13.875229,13,11,9,7,8,15
2022-12-04 14:40:15.451292,11,11,9,7,9,14
2022-12-04 15:40:17.091056,11,11,7,7,9,13
2022-12-04 16:40:18.566432,13,11,9,6,8,14
2022-12-04 17:40:19.725507,14,10,7,6,8,19
2022-12-04 18:40:22.413939,14,11,6,6,11,19
2022-12-04 19:40:23.710967,14,11,7,5,11,17
2022-12-04 20:40:26.064762,15,8,7,6,11,16
2022-12-04 21:40:26.796486,12,8,6,6,14,15
2022-12-04 22:40:27.526745,13,7,6,6,14,13
2022-12-04 23:40:28.283707,15,7,7,5,13,12
2022-12-05 00:40:29.401024,16,7,7,5,14,12
2022-12-05 01:40:31.282998,15,7,7,2,14,11
2022-12-05 02:40:32.655023,16,7,8,3,14,12
2022-12-05 03:40:34.345042,17,7,8,3,14,12
2022-12-05 04:40:35.695503,17,7,8,3,14,12
2022-12-05 05:40:36.934305,17,7,8,3,14,12
2022-12-05 06:40:37.213675,17,7,8,3,14,12
2022-12-05 07:40:38.214092,17,7,8,4,13,12
2022-12-05 08:40:38.761336,16,8,7,4,15,12
2022-12-05 09:40:41.489196,19,8,7,4,14,11
2022-12-05 10:40:42.640927,19,8,7,4,14,11
2022-12-05 11:40:43.058055,5,7,7,4,13,12
2022-12-05 12:40:43.682706,5,7,7,4,13,12
2022-12-05 13:40:45.176778,4,8,8,4,13,12
2022-12-05 14:40:46.919193,4,8,9,4,13,12
2022-12-05 15:40:48.572347,3,8,9,4,12,12
2022-12-05 16:40:49.461816,5,8,8,2,12,12
2022-12-05 17:40:50.108421,4,7,9,11,11,12
2022-12-05 18:40:52.312167,5,7,9,10,11,12
2022-12-05 19:40:52.436628,4,8,8,10,12,12
2022-12-05 20:40:54.916218,3,7,6,10,12,13
2022-12-05 21:40:57.449058,3,7,7,11,10,13
2022-12-05 22:40:58.464092,3,7,8,11,10,12
2022-12-05 23:40:59.163478,3,7,8,11,10,12
2022-12-06 00:40:59.192902,3,7,8,11,10,8
2022-12-06 01:41:00.500074,4,7,8,11,11,8
2022-12-06 02:41:01.908715,4,13,9,11,11,7
2022-12-06 03:41:03.309013,13,13,9,11,12,5
2022-12-06 04:41:04.300716,13,13,9,11,12,4
2022-12-06 05:41:05.298267,13,13,9,11,13,4
2022-12-06 06:41:07.917166,13,12,8,11,12,4
2022-12-06 07:41:08.400398,13,12,9,11,12,4
2022-12-06 08:41:10.569505,11,12,9,11,12,4
2022-12-06 09:41:13.129751,10,12,8,10,11,5
2022-12-06 10:41:14.231959,10,12,10,8,11,4
2022-12-06 11:41:15.442450,8,15,10,9,8,8
2022-12-06 12:41:18.181505,6,14,10,9,8,7
2022-12-06 13:41:20.033382,7,12,11,9,8,7
2022-12-06 14:41:20.075882,5,14,11,9,9,6
2022-12-06 15:41:21.275146,2,16,11,9,8,8
2022-12-06 16:41:23.820932,4,15,12,9,8,9
2022-12-06 17:41:26.752829,3,16,10,9,6,10
2022-12-06 18:41:28.225009,4,15,9,9,6,7
2022-12-06 19:41:28.878493,5,15,7,8,5,7
2022-12-06 20:41:31.335358,3,14,6,7,7,6
2022-12-06 21:41:33.930970,5,13,4,6,11,4
2022-12-06 22:41:35.388581,5,12,4,6,10,2
2022-12-06 23:41:37.750830,5,9,4,6,8,2
2022-12-07 00:41:39.331946,3,9,4,6,8,12
2022-12-07 01:41:41.913699,15,8,4,4,7,12
2022-12-07 02:41:41.760955,14,8,5,4,8,11
2022-12-07 03:41:44.835895,13,8,5,3,8,11
2022-12-07 04:41:47.151638,13,8,5,3,8,11
2022-12-07 05:41:49.485958,14,8,5,3,8,11
2022-12-07 06:41:51.269815,13,8,5,3,8,11
2022-12-07 07:41:53.127758,12,8,6,4,8,11
2022-12-07 08:41:53.740787,10,9,4,5,6,13
2022-12-07 09:41:56.131825,16,11,5,6,7,13
2022-12-07 10:41:56.578146,14,11,4,9,9,14
2022-12-07 11:41:59.626462,13,10,4,10,11,15
2022-12-07 12:42:01.890678,9,10,6,10,9,16
2022-12-07 13:42:03.526298,6,10,5,9,7,16
2022-12-07 14:42:05.900772,6,10,4,8,6,10
2022-12-07 15:42:08.238258,7,10,3,7,9,10
2022-12-07 16:42:10.600360,5,12,2,5,9,7
2022-12-07 17:42:13.493941,6,8,7,13,12,8
2022-12-07 18:42:15.519683,6,8,5,14,9,7
2022-12-07 19:42:16.081644,6,8,6,13,9,6
2022-12-07 20:42:18.642835,3,8,6,12,13,7
2022-12-07 21:42:20.204329,5,7,5,11,14,5
2022-12-07 22:42:23.227950,4,6,5,10,16,5
2022-12-07 23:42:23.707524,3,1,4,10,17,3
2022-12-08 00:42:25.889986,0,10,3,10,15,4
2022-12-08 01:42:27.774889,1,9,3,9,12,3
2022-12-08 02:42:29.275774,14,8,3,9,13,3
2022-12-08 03:42:31.004265,15,8,3,9,13,3
2022-12-08 04:42:31.797270,17,14,3,9,12,2
2022-12-08 05:42:34.097837,17,15,3,9,13,2
2022-12-08 06:42:35.397482,17,15,3,9,15,2
2022-12-08 07:42:38.462552,17,15,3,9,16,2
2022-12-08 08:42:38.633429,17,15,3,9,9,2
2022-12-08 09:42:40.178780,16,15,3,9,8,2
2022-12-08 10:42:41.610198,15,15,3,9,8,2
2022-12-08 11:42:43.806989,13,15,3,9,8,2
2022-12-08 12:42:45.288714,13,14,4,9,7,1
2022-12-08 13:42:47.795780,13,14,4,9,6,1
2022-12-08 14:42:48.064263,13,14,4,9,6,0
2022-12-08 15:42:50.150395,14,15,4,9,4,1
2022-12-08 16:42:50.406716,12,15,4,9,4,2
2022-12-08 17:42:50.794195,14,15,4,9,4,2
2022-12-08 18:42:51.920454,14,15,4,9,4,4
2022-12-08 19:42:54.168995,14,16,4,9,3,4
2022-12-08 20:42:56.842548,16,17,4,9,3,5
2022-12-08 21:42:58.161751,15,17,5,9,4,4
2022-12-08 22:43:00.619023,16,16,6,9,4,2
2022-12-08 23:43:03.019123,15,15,6,9,4,2
2022-12-09 00:43:05.343535,14,15,6,9,4,2
2022-12-09 01:43:08.373070,16,15,11,9,5,2
2022-12-09 02:43:11.042747,18,16,11,9,5,3
2022-12-09 03:43:12.218976,18,16,10,9,5,3
2022-12-09 04:43:14.946755,18,16,10,9,5,3
2022-12-09 05:43:15.150080,19,16,11,9,5,3
2022-12-09 06:43:17.982661,19,16,11,9,5,4
2022-12-09 07:43:20.997274,19,16,12,9,5,3
2022-12-09 08:43:22.940469,16,18,13,11,4,3
2022-12-09 09:43:23.120193,15,18,13,13,3,4
2022-12-09 10:43:25.635238,16,18,13,13,2,5
2022-12-09 11:43:25.930722,16,18,13,13,4,5
2022-12-09 12:43:28.882850,16,16,13,13,4,6
2022-12-09 13:43:31.455929,15,16,13,13,5,8
2022-12-09 14:43:32.832191,16,18,13,13,2,8
2022-12-09 15:43:33.325505,17,17,13,14,3,8
2022-12-09 16:43:35.501609,18,17,13,13,3,11
2022-12-09 17:43:38.254295,18,17,13,13,4,12
2022-12-09 18:43:40.206208,19,17,13,12,3,11
2022-12-09 19:43:40.660394,18,19,13,12,11,8
2022-12-09 20:43:42.302182,17,17,12,12,11,8
2022-12-09 21:43:44.311989,19,17,12,12,10,11
2022-12-09 22:43:46.405840,19,18,12,12,9,10
2022-12-09 23:43:48.262309,16,18,12,12,9,10
2022-12-10 00:43:49.654708,14,16,11,12,7,9
2022-12-10 01:43:52.547687,17,15,11,12,9,7
2022-12-10 02:43:54.632194,18,15,10,12,11,6
2022-12-10 03:43:56.861953,11,15,10,12,11,6
2022-12-10 04:43:58.510060,10,14,11,12,11,6
2022-12-10 05:43:59.685096,10,14,12,12,11,7
2022-12-10 06:44:01.085130,10,13,11,12,11,6
2022-12-10 07:44:03.111731,10,13,12,12,11,6
2022-12-10 08:44:04.936413,10,13,12,12,9,6
2022-12-10 09:44:06.308123,10,15,13,12,9,7
2022-12-10 10:44:06.767085,9,15,11,14,8,6
2022-12-10 11:44:09.499008,8,16,10,14,9,8
2022-12-10 12:44:09.874230,9,15,12,14,9,6
2022-12-10 13:44:12.462144,7,15,13,14,10,10
2022-12-10 14:44:15.099852,2,10,14,15,11,7
2022-12-10 15:44:17.671075,4,10,14,15,11,7
2022-12-10 16:44:20.082054,3,9,13,16,11,4
2022-12-10 17:44:20.790375,5,10,14,14,10,4
2022-12-10 18:44:23.021666,4,6,12,14,11,10
2022-12-10 19:44:23.066682,3,6,10,14,11,12
2022-12-10 20:44:23.815910,8,7,10,15,12,11
2022-12-10 21:44:24.308797,9,7,11,15,12,12
2022-12-10 22:44:24.720015,7,6,10,16,10,10
2022-12-10 23:44:25.705223,7,6,9,14,11,10
2022-12-11 00:44:28.143722,6,4,8,14,10,6
2022-12-11 01:44:29.680091,6,4,8,14,11,4
2022-12-11 02:44:31.706216,11,7,7,14,12,5
2022-12-11 03:44:32.021194,12,8,7,14,11,7
2022-12-11 04:44:34.915860,12,8,7,14,11,7
2022-12-11 05:44:36.127426,12,8,6,14,12,7
2022-12-11 06:44:36.796797,12,8,6,14,12,7
2022-12-11 07:44:38.123630,12,8,6,14,12,7
2022-12-11 08:44:40.502335,14,8,6,14,12,7
2022-12-11 09:44:43.046242,14,9,6,14,12,7
2022-12-11 10:44:43.834211,11,9,6,14,12,7
2022-12-11 11:44:45.897501,11,8,6,14,11,8
2022-12-11 12:44:46.913369,9,8,6,13,10,8
2022-12-11 13:44:49.391291,6,7,8,13,9,6
2022-12-11 14:44:51.868975,11,7,9,11,10,7
2022-12-11 15:44:52.507027,11,7,9,10,9,6
2022-12-11 16:44:55.679840,11,7,7,12,12,6
2022-12-11 17:44:58.160131,13,7,7,12,12,6
2022-12-11 18:44:59.085285,12,5,8,12,14,9
2022-12-11 19:44:59.101360,11,5,8,12,13,9
2022-12-11 20:45:00.130968,10,6,8,10,12,8
2022-12-11 21:45:02.714570,10,6,8,12,10,9
2022-12-11 22:45:03.205586,10,9,8,10,12,9
2022-12-11 23:45:05.814878,9,8,8,10,11,8
2022-12-12 00:45:07.327888,9,8,8,10,11,8
2022-12-12 01:45:08.722248,9,8,8,10,10,8
2022-12-12 02:45:10.705902,7,8,8,10,10,7
2022-12-12 03:45:13.463604,7,8,9,10,10,7
2022-12-12 04:45:16.173923,7,8,9,9,10,7
2022-12-12 05:45:16.755597,7,10,9,9,11,7
2022-12-12 06:45:17.050523,7,10,9,9,11,7
2022-12-12 07:45:19.507094,7,12,9,9,11,7
2022-12-12 08:45:21.546981,5,12,9,9,13,7
2022-12-12 09:45:23.561782,5,12,9,9,11,6
2022-12-12 10:45:25.894607,4,12,11,10,9,7
2022-12-12 11:45:26.514200,3,12,11,10,10,8
2022-12-12 12:45:26.743386,4,12,10,10,11,8
2022-12-12 13:45:29.199983,4,13,10,10,9,9
2022-12-12 14:45:30.626257,4,15,9,11,7,9
2022-12-12 15:45:32.589049,4,15,9,11,10,9
2022-12-12 16:45:34.029787,4,15,9,10,10,7
2022-12-12 17:45:35.350269,5,15,8,9,11,7
2022-12-12 18:45:37.493714,7,14,8,9,12,6
2022-12-12 19:45:38.699632,4,16,8,9,8,8
2022-12-12 20:45:41.051800,4,13,8,8,8,4
2022-12-12 21:45:42.257691,2,13,10,6,7,8
2022-12-12 22:45:44.735123,3,13,9,7,6,3
2022-12-12 23:45:45.580082,3,13,9,7,5,4
2022-12-13 00:45:48.318745,2,12,7,7,5,3
2022-12-13 01:45:49.942537,1,11,7,7,5,3
2022-12-13 02:45:49.896438,1,11,7,7,5,4
2022-12-13 03:45:50.637349,12,11,7,7,5,4
2022-12-13 04:45:53.161338,12,11,7,7,5,4
2022-12-13 05:45:53.308723,13,11,7,7,6,4
2022-12-13 06:45:53.658072,13,11,7,7,6,4
2022-12-13 07:45:56.703132,13,11,7,5,6,4
2022-12-13 08:45:57.350133,13,11,7,7,5,3
2022-12-13 09:45:57.675303,13,11,7,7,5,3
2022-12-13 10:45:58.786928,13,11,7,7,5,3
2022-12-13 11:46:00.195736,13,11,7,7,5,3
2022-12-13 12:46:02.919839,14,11,7,7,4,3
2022-12-13 13:46:03.609426,13,11,7,7,5,3
2022-12-13 14:46:04.847164,13,10,6,7,3,4
2022-12-13 15:46:07.886703,15,10,6,7,3,3
2022-12-13 16:46:10.511640,13,10,7,8,7,3
2022-12-13 17:46:13.376611,14,10,7,8,9,5
2022-12-13 18:46:13.894690,10,8,5,7,8,4
2022-12-13 19:46:15.881538,9,7,4,8,8,6
2022-12-13 20:46:17.774957,7,7,3,6,9,6
2022-12-13 21:46:19.422702,7,7,4,7,9,10
2022-12-13 22:46:20.487375,9,7,4,7,7,9
2022-12-13 23:46:22.050941,8,5,4,7,6,9
2022-12-14 00:46:24.492695,8,5,4,7,6,9
2022-12-14 01:46:26.623267,9,6,2,6,7,9
2022-12-14 02:46:27.961967,10,5,2,6,7,9
2022-12-14 03:46:30.763093,10,5,2,6,7,9
2022-12-14 04:46:33.530949,10,15,5,6,7,9
2022-12-14 05:46:35.342781,10,15,5,6,7,9
2022-12-14 06:46:36.393835,10,15,5,6,8,9
2022-12-14 07:46:36.522583,9,15,5,4,9,9
2022-12-14 08:46:36.783875,5,16,7,6,6,11
2022-12-14 09:46:39.639075,4,18,9,7,4,9
2022-12-14 10:46:40.054795,7,18,9,10,6,12
2022-12-14 11:46:40.951585,8,17,9,11,6,12
2022-12-14 12:46:43.731678,9,13,8,10,6,8
2022-12-14 13:46:43.922237,7,12,6,10,5,7
2022-12-14 14:46:45.440735,8,11,5,11,6,7
2022-12-14 15:46:48.135252,8,10,5,11,8,7
2022-12-14 16:46:49.491229,8,10,3,11,9,7
2022-12-14 17:46:50.641763,6,10,8,9,7,10
2022-12-14 18:46:51.497531,4,10,9,9,6,9
2022-12-14 19:46:54.546393,6,8,8,9,5,9
2022-12-14 20:46:57.402421,4,8,7,8,3,10
2022-12-14 21:46:58.694546,5,9,7,7,3,11
2022-12-14 22:47:00.147922,4,8,7,6,5,9
2022-12-14 23:47:02.135499,4,6,7,6,3,9
2022-12-15 00:47:04.595195,4,6,7,6,3,9
2022-12-15 01:47:04.957260,5,6,7,6,10,10
2022-12-15 02:47:05.528576,6,6,7,5,10,12
2022-12-15 03:47:07.946294,5,6,7,5,10,12
2022-12-15 04:47:10.561922,6,6,7,5,10,12
2022-12-15 05:47:11.008524,6,6,7,5,11,12
2022-12-15 06:47:13.787967,6,6,7,5,12,12
2022-12-15 07:47:16.579328,8,6,9,5,15,12
2022-12-15 08:47:17.451202,5,6,10,5,14,13
2022-12-15 09:47:20.201345,4,7,11,6,14,12
2022-12-15 10:47:22.286361,2,7,12,7,15,14
2022-12-15 11:47:23.830377,3,9,11,6,14,15
2022-12-15 12:47:26.582734,2,7,11,8,13,16
2022-12-15 13:47:29.427671,16,6,11,7,15,14
2022-12-15 14:47:31.851143,16,4,12,7,18,15
2022-12-15 15:47:31.923808,13,3,10,9,12,13
2022-12-15 16:47:33.996505,14,5,11,8,9,13
2022-12-15 17:47:34.154091,12,3,8,8,6,13
2022-12-15 18:47:34.883573,9,0,7,8,2,15
2022-12-15 19:47:35.977886,7,0,5,6,8,6
2022-12-15 20:47:37.045243,8,3,3,5,9,7
2022-12-15 21:47:37.422119,11,0,3,8,7,8
2022-12-15 22:47:37.897565,11,0,4,7,9,5
2022-12-15 23:47:40.283398,8,0,3,8,10,4
2022-12-16 00:47:41.230366,6,0,3,8,8,4
2022-12-16 01:47:43.780822,7,0,3,4,3,4
2022-12-16 02:47:44.893129,7,0,3,2,2,4
2022-12-16 03:47:47.397809,6,0,3,3,2,3
2022-12-16 04:47:49.586485,3,0,4,2,1,3
2022-12-16 05:47:50.289543,3,0,4,2,4,3
2022-12-16 06:47:53.978168,5,0,4,2,3,3
2022-12-16 07:47:54.468325,4,0,3,2,2,4
2022-12-16 08:47:56.628554,5,9,5,4,3,5
2022-12-16 09:47:57.699732,5,12,7,6,3,4
2022-12-16 10:47:59.223052,7,12,7,9,12,4
2022-12-16 11:48:01.715144,8,11,7,13,13,6
2022-12-16 12:48:04.411032,7,11,9,13,12,6
2022-12-16 13:48:07.026029,5,10,7,12,16,4
2022-12-16 14:48:08.539293,7,11,4,11,16,5
2022-12-16 15:48:08.990591,8,10,5,10,14,4
2022-12-16 16:48:09.434814,10,8,5,9,10,6
2022-12-16 17:48:10.260563,4,6,4,6,9,7
2022-12-16 18:48:13.065604,7,8,4,4,8,10
2022-12-16 19:48:15.386630,8,4,4,4,9,10
2022-12-16 20:48:18.426259,5,5,4,2,4,11
2022-12-16 21:48:19.213311,1,5,4,2,4,11
2022-12-16 22:48:19.400548,1,4,3,2,5,10
2022-12-16 23:48:20.423280,2,3,3,2,5,10
2022-12-17 00:48:22.839191,0,1,2,2,4,10
2022-12-17 09:48:35.094797,11,2,11,5,10,16
2022-12-17 10:48:37.740053,10,2,12,5,11,15
2022-12-17 11:48:39.528973,10,1,20,4,10,12
2022-12-17 12:48:40.958472,9,1,21,6,5,11
2022-12-17 13:48:44.003156,8,1,19,7,3,10
2022-12-17 14:48:46.320707,13,1,17,7,3,10
2022-12-17 15:48:47.129691,10,1,17,7,6,13
2022-12-17 16:48:48.112962,14,3,15,7,7,10
2022-12-17 17:48:48.703103,13,6,14,6,9,10
2022-12-17 18:48:50.093683,12,8,14,9,9,11
2022-12-17 19:48:52.094733,14,6,16,9,10,13
2022-12-17 20:48:52.391247,8,8,17,8,8,12
2022-12-17 21:48:54.849613,4,7,17,6,5,9
2022-12-17 22:48:55.377105,4,7,19,4,5,3
2022-12-17 23:48:58.391440,5,7,18,3,5,3
2022-12-18 00:48:58.962463,5,6,17,3,6,1
2022-12-18 01:49:01.792256,3,6,18,3,6,2
2022-12-18 02:49:02.048292,3,5,17,3,7,1
2022-12-18 03:49:02.358152,5,5,16,3,7,1
2022-12-18 04:49:03.663189,4,5,16,4,8,2
2022-12-18 05:49:05.630756,5,3,16,4,9,2
2022-12-18 06:49:08.312092,4,2,16,5,9,2
2022-12-18 07:49:11.225630,3,2,16,5,9,2
2022-12-18 08:49:12.164342,4,2,15,5,8,2
2022-12-18 09:49:12.417285,2,2,16,6,8,3
2022-12-18 10:49:14.409640,2,4,16,8,8,4
2022-12-18 11:49:17.565507,3,6,16,9,8,3
2022-12-18 22:49:34.532901,0,6,13,10,13,11
2022-12-18 23:49:37.122994,0,5,12,9,10,5
2022-12-19 00:49:39.534058,14,5,8,8,11,5
2022-12-19 01:49:41.333656,13,6,8,7,11,5
2022-12-19 02:49:43.355518,13,6,7,6,11,5
2022-12-19 03:49:44.498904,13,4,7,6,10,5
2022-12-19 04:49:44.892952,13,13,13,6,10,5
2022-12-19 05:49:47.396270,14,13,13,6,10,5
2022-12-19 06:49:49.630074,14,13,13,6,10,5
2022-12-19 07:49:52.364429,14,12,12,6,11,6
2022-12-19 08:49:52.836241,15,13,14,8,7,6
2022-12-19 09:49:54.963632,8,12,17,11,9,6
2022-12-19 10:49:55.740397,6,12,18,13,13,4
2022-12-19 11:49:56.730348,5,11,17,15,13,6
2022-12-19 12:49:57.009272,4,10,18,15,12,4
2022-12-19 13:49:59.143345,4,8,19,14,11,4
2022-12-19 14:50:01.119614,7,7,17,12,10,3
2022-12-19 15:50:03.444912,10,5,16,14,11,5
2022-12-19 16:50:06.326669,7,2,17,15,11,5
2022-12-19 17:50:08.978701,6,6,15,15,12,11
2022-12-19 18:50:10.406033,3,4,16,14,9,5
2022-12-19 19:50:12.442043,6,6,17,12,2,12
2022-12-19 20:50:13.054189,4,5,16,7,7,9
2022-12-19 21:50:15.143887,4,5,17,6,5,10
2022-12-19 22:50:17.368837,3,5,17,7,5,7
2022-12-19 23:50:20.038768,1,5,18,6,6,6
2022-12-20 00:50:20.735044,3,5,16,6,6,4
2022-12-20 01:50:23.194436,1,4,16,4,6,4
2022-12-20 02:50:25.054208,10,3,16,4,6,5
2022-12-20 03:50:26.581928,10,3,8,4,6,5
2022-12-20 04:50:27.523573,10,11,8,4,6,5
2022-12-20 05:50:29.646218,11,11,8,4,7,5
2022-12-20 06:50:30.411959,11,11,8,4,6,4
2022-12-20 07:50:31.683956,10,9,7,4,8,4
2022-12-20 08:50:34.288331,7,11,9,3,6,6
2022-12-20 09:50:35.559435,4,9,10,9,9,0
2022-12-20 10:50:37.557526,10,10,10,11,11,3
2022-12-20 11:50:39.054851,11,9,10,11,12,3
2022-12-20 12:50:41.568894,11,8,10,11,12,2
2022-12-20 14:50:46.842706,8,10,12,11,13,4
2022-12-20 15:50:49.345577,7,11,12,10,15,2
2022-12-20 16:50:51.879536,2,11,12,10,14,3
2022-12-20 17:50:54.333497,9,11,10,9,12,3
2022-12-20 18:50:56.444143,8,10,9,9,13,2
2022-12-20 19:50:57.961999,9,10,10,10,13,3
2022-12-20 20:50:59.507030,10,10,9,11,16,2
2022-12-20 21:51:01.498932,12,10,10,8,17,1
2022-12-20 22:51:04.218168,12,10,10,9,17,1
2022-12-20 23:51:04.634972,11,9,10,8,16,1
2022-12-21 00:51:05.763410,11,8,10,6,16,2
2022-12-21 01:51:08.202953,10,8,10,6,15,0
2022-12-21 02:51:10.784290,11,6,10,6,13,0
2022-12-21 03:51:12.455006,11,6,10,6,13,9
2022-12-21 04:51:15.529356,11,6,10,6,13,9
2022-12-21 05:51:17.476737,10,6,10,6,14,9
2022-12-21 06:51:17.555001,10,6,10,6,14,9
2022-12-21 07:51:19.189849,10,6,10,6,14,10
2022-12-21 08:51:20.514061,8,8,11,11,13,13
2022-12-21 09:51:22.877185,8,8,11,10,14,13
2022-12-21 10:51:24.849997,7,8,12,12,17,14
2022-12-21 11:51:26.439025,8,6,13,13,15,12
2022-12-21 12:51:27.595448,9,6,12,14,17,14
2022-12-21 13:51:28.087621,10,7,11,12,19,14
2022-12-21 14:51:29.558902,14,8,11,13,15,14
2022-12-21 15:51:32.524238,18,9,10,14,19,10
2022-12-21 16:51:33.127932,18,10,9,15,17,12
2022-12-21 17:51:34.416763,22,11,8,12,14,19
2022-12-21 18:51:34.834038,25,11,7,10,16,19
2022-12-21 19:51:36.495711,21,15,5,11,14,8
2022-12-21 20:51:39.685815,16,14,6,10,15,9
2022-12-21 21:51:41.561906,18,15,7,10,13,9
2022-12-21 22:51:42.357544,19,13,7,6,12,9
2022-12-21 23:51:45.031578,17,11,7,6,14,7
2022-12-22 00:51:45.095587,15,8,7,4,10,7
2022-12-22 01:51:45.114576,15,8,7,3,9,4
2022-12-22 02:51:47.257248,13,7,7,2,9,3
2022-12-22 03:51:50.232483,10,6,7,2,9,3
2022-12-22 04:51:54.757713,11,15,7,2,9,3
2022-12-22 05:51:57.840030,12,15,7,2,10,3
2022-12-22 06:51:59.029574,12,15,7,2,11,3
2022-12-22 07:52:02.281834,14,15,8,2,14,4
2022-12-22 08:52:04.957310,5,17,10,4,13,4
2022-12-22 09:52:07.938455,8,14,11,3,17,5
2022-12-22 10:52:10.362463,8,17,13,6,21,6
2022-12-22 11:52:11.686832,6,19,14,7,20,7
2022-12-22 12:52:12.640838,5,20,14,6,20,8
2022-12-22 13:52:13.234486,5,21,13,8,21,7
2022-12-22 14:52:13.930489,9,21,11,5,21,5
2022-12-22 15:52:14.981900,10,21,11,5,16,7
2022-12-22 16:52:17.651205,7,23,12,6,14,3
2022-12-22 17:52:19.749430,14,22,10,5,16,5
2022-12-22 18:52:22.378054,19,17,8,12,8,3
2022-12-22 19:52:23.682750,8,14,7,12,8,6
2022-12-22 20:52:26.578192,9,15,5,11,9,10
2022-12-22 21:52:27.967699,5,17,6,11,4,9
2022-12-22 22:52:29.192307,3,17,6,7,4,7
2022-12-22 23:52:28.946217,3,15,5,8,3,5
2022-12-23 00:52:29.541016,2,13,4,7,4,5
2022-12-23 01:52:31.415614,9,13,4,6,7,5
2022-12-23 02:52:32.363577,8,14,4,5,8,2
2022-12-23 03:52:33.882230,8,14,4,5,9,0
2022-12-23 04:52:33.929417,8,14,4,5,8,8
2022-12-23 05:52:37.041007,8,14,5,6,8,8
2022-12-23 06:52:39.128569,8,14,5,7,9,8
2022-12-23 07:52:39.497799,9,15,5,8,9,11
2022-12-23 08:52:40.454482,11,15,6,9,9,11
2022-12-23 09:52:42.391408,12,13,6,11,10,12
2022-12-23 10:52:43.727064,12,14,6,11,11,12
2022-12-23 11:52:44.977516,9,14,6,12,12,11
2022-12-23 12:52:46.469509,10,15,7,12,10,12
2022-12-23 13:52:48.918766,10,14,6,11,10,14
2022-12-23 14:52:51.109363,12,12,6,9,8,17
2022-12-23 15:52:54.020140,11,15,7,9,6,17
2022-12-23 16:52:54.201549,9,14,7,11,6,21
2022-12-23 17:52:55.100092,10,14,5,12,3,21
2022-12-23 18:52:56.930976,6,16,6,11,8,22
2022-12-23 19:52:57.858875,9,16,7,11,7,21
2022-12-23 20:53:00.182489,10,13,8,9,12,21
2022-12-23 21:53:01.159768,5,12,7,9,13,15
2022-12-23 22:53:04.500050,6,11,6,9,13,9
2022-12-23 23:53:07.021320,6,11,4,9,11,7
2022-12-24 00:53:08.024467,6,11,4,8,11,6
2022-12-24 01:53:08.187135,4,9,3,7,10,6
2022-12-24 02:53:09.297407,2,9,3,7,6,8
2022-12-24 03:53:11.321144,1,8,4,6,5,6
2022-12-24 04:53:13.473319,1,8,6,6,5,6
2022-12-24 05:53:15.322375,1,7,5,6,6,7
2022-12-24 06:53:15.669352,1,8,5,7,6,9
2022-12-24 07:53:17.052614,1,8,5,7,6,9
2022-12-24 08:53:17.829415,3,8,5,7,7,10
2022-12-24 09:53:18.964540,3,8,5,7,7,10
2022-12-24 10:53:22.011427,3,8,5,9,6,10
2022-12-24 11:53:24.586884,2,8,5,10,6,14
2022-12-24 12:53:25.418720,3,5,6,9,8,19
2022-12-24 13:53:27.257923,8,5,7,9,8,18
2022-12-24 14:53:28.705874,15,6,6,9,8,19
2022-12-24 15:53:30.645194,11,6,6,9,10,19
2022-12-24 16:53:32.063325,12,6,7,9,8,15
2022-12-24 17:53:32.938394,10,6,5,6,6,16
2022-12-24 18:53:35.402111,9,8,5,6,7,15
2022-12-24 19:53:36.381848,8,8,6,6,8,12
2022-12-24 20:53:37.410533,6,8,6,7,9,8
2022-12-24 21:53:40.525122,6,8,6,7,8,7
2022-12-24 22:53:43.141250,5,8,6,7,8,7
2022-12-24 23:53:45.624733,5,8,6,7,8,7
2022-12-25 00:53:46.024608,4,7,6,7,7,4
2022-12-25 01:53:48.683869,12,7,7,7,7,4
2022-12-25 02:53:51.320966,14,8,7,7,7,4
2022-12-25 03:53:53.460500,14,8,7,7,7,4
2022-12-25 04:53:53.889607,14,8,7,7,7,4
2022-12-25 05:53:56.935526,15,8,7,7,7,4
2022-12-25 06:53:59.583052,16,8,7,7,8,5
2022-12-25 07:54:00.679927,17,8,7,7,7,6
2022-12-25 08:54:01.047881,18,8,7,7,7,6
2022-12-25 09:54:02.568615,17,9,7,7,7,6
2022-12-25 10:54:02.890760,16,9,8,8,7,6
2022-12-25 11:54:03.064419,17,10,8,7,5,6
2022-12-25 12:54:03.823064,15,9,9,7,7,7
2022-12-25 13:54:04.072973,15,10,9,7,6,5
2022-12-25 14:54:05.421071,13,11,9,10,6,4
2022-12-25 15:54:07.841121,12,12,9,11,4,5
2022-12-25 16:54:09.581522,13,12,7,12,6,5
2022-12-25 17:54:12.913328,14,15,7,9,6,5
2022-12-25 18:54:13.663736,12,16,7,8,6,5
2022-12-25 19:54:13.933839,15,11,7,5,8,7
2022-12-25 20:54:14.614494,18,11,7,4,6,7
2022-12-25 21:54:15.109862,18,11,6,4,8,7
2022-12-25 22:54:16.495721,16,7,6,4,7,9
2022-12-25 23:54:17.658060,20,7,6,4,7,8
2022-12-26 00:54:18.718421,17,11,10,9,9,8
2022-12-26 01:54:20.266228,15,11,10,9,9,8
2022-12-26 02:54:22.425698,14,11,10,8,10,7
2022-12-26 03:54:23.950643,15,10,10,9,10,6
2022-12-26 04:54:26.917729,15,10,10,9,9,6
2022-12-26 05:54:29.438957,15,10,10,9,9,6
2022-12-26 06:54:30.738488,15,10,10,9,9,6
2022-12-26 07:54:31.531455,15,10,10,9,9,6
2022-12-26 08:54:32.841543,12,10,10,9,8,6
2022-12-26 09:54:35.082997,13,10,10,9,8,6
2022-12-26 10:54:36.452098,13,10,10,9,9,6
2022-12-26 11:54:38.612066,16,9,9,10,8,6
2022-12-26 12:54:38.794281,8,9,10,10,7,9
2022-12-26 13:54:39.793734,9,8,10,13,7,11
2022-12-26 14:54:42.387769,7,8,11,13,8,12
2022-12-26 15:54:44.464911,9,8,9,13,6,14
2022-12-26 16:54:44.597365,8,8,9,15,4,17
2022-12-26 17:54:46.088230,11,7,8,17,4,19
2022-12-26 18:54:48.257305,5,11,8,16,11,16
2022-12-26 19:54:50.608560,7,11,8,16,13,17
2022-12-26 20:54:50.917248,7,11,6,16,13,13
2022-12-26 21:54:51.875024,9,12,6,14,12,10
2022-12-26 22:54:52.308483,10,13,7,13,13,9
2022-12-26 23:54:54.459122,8,10,8,14,17,7
2022-12-27 00:54:55.664607,7,10,7,14,18,7
2022-12-27 01:54:58.442398,6,11,7,13,17,8
2022-12-27 02:55:00.418984,14,13,7,6,16,7
2022-12-27 03:55:01.170498,14,13,8,6,16,7
2022-12-27 04:55:02.150360,14,13,8,6,16,7
2022-12-27 05:55:02.895151,14,13,8,6,15,6
2022-12-27 06:55:03.021889,14,13,8,6,14,6
2022-12-27 07:55:03.257413,12,14,7,6,14,6
2022-12-27 08:55:04.135723,15,14,10,7,12,5
2022-12-27 09:55:05.167909,18,15,11,7,12,7
2022-12-27 10:55:06.937343,17,14,11,9,12,10
2022-12-27 11:55:09.071425,14,14,12,9,10,10
2022-12-27 12:55:10.323033,17,16,12,10,10,11
2022-12-27 13:55:13.277566,14,18,12,10,8,14
2022-12-27 14:55:13.856062,19,17,11,7,10,12
2022-12-27 15:55:15.441044,19,14,10,7,13,14
2022-12-27 16:55:16.845904,13,12,10,7,17,14
2022-12-27 17:55:17.918885,14,15,10,6,14,15
2022-12-27 18:55:20.842529,13,11,11,3,9,15
2022-12-27 19:55:23.276341,8,13,11,13,12,15
2022-12-27 20:55:24.705904,4,12,10,12,12,13
2022-12-27 21:55:24.947867,4,9,10,10,9,10
2022-12-27 22:55:25.952404,3,9,9,9,10,10
2022-12-27 23:55:27.338374,3,8,9,9,15,9
2022-12-28 00:55:30.474581,8,9,9,8,13,9
2022-12-28 01:55:30.630296,7,7,9,8,12,9
2022-12-28 02:55:33.363858,8,6,9,8,13,8
2022-12-28 03:55:36.480213,8,6,9,8,13,7
2022-12-28 04:55:37.435634,8,8,9,8,13,7
2022-12-28 05:55:38.232670,8,8,9,8,14,7
2022-12-28 06:55:40.405807,7,8,9,8,13,7
2022-12-28 07:55:42.084155,6,9,9,8,13,7
2022-12-28 08:55:44.515166,5,11,11,10,9,8
2022-12-28 09:55:45.320699,2,13,10,10,8,7
2022-12-28 10:55:46.622544,6,10,9,9,7,8
2022-12-28 11:55:49.481839,9,10,11,9,8,7
2022-12-28 12:55:50.562974,4,11,11,9,5,7
2022-12-28 13:55:52.269382,5,10,10,8,7,7
2022-12-28 14:55:54.808782,4,7,8,9,9,6
2022-12-28 15:55:57.206574,5,8,7,9,8,4
2022-12-28 16:55:57.887146,4,7,4,11,5,10
2022-12-28 17:56:00.468659,3,6,3,10,2,8
2022-12-28 18:56:01.629397,5,5,3,8,2,9
2022-12-28 19:56:02.114346,5,6,2,10,2,13
2022-12-28 20:56:04.525198,7,6,13,6,4,13
2022-12-28 21:56:07.254831,5,3,13,5,6,12
2022-12-28 22:56:08.059438,8,3,12,5,9,13
2022-12-28 23:56:09.405820,8,3,12,5,6,9
2022-12-29 00:56:10.119788,4,4,8,5,7,6
2022-12-29 01:56:11.414856,4,4,7,5,7,5
2022-12-29 02:56:12.798923,4,3,7,5,7,5
2022-12-29 03:56:14.001122,4,3,7,5,7,5
2022-12-29 04:56:16.158014,6,3,7,5,10,5
2022-12-29 05:56:18.442889,6,3,7,5,11,2
2022-12-29 06:56:21.196684,6,3,7,5,10,3
2022-12-29 07:56:24.256586,5,3,7,5,10,3
2022-12-29 08:56:27.362083,7,4,10,8,9,3
2022-12-29 09:56:27.997213,7,5,9,9,10,2
2022-12-29 10:56:30.158991,9,6,9,9,11,3
2022-12-29 11:56:30.397647,9,7,9,8,10,4
2022-12-29 12:56:32.987239,6,8,9,8,9,3
2022-12-29 13:56:33.229272,8,7,10,9,10,5
2022-12-29 14:56:34.855665,11,5,9,8,9,4
2022-12-29 15:56:35.262718,15,6,9,8,5,4
2022-12-29 16:56:37.222363,11,11,10,7,2,4
2022-12-29 17:56:38.151956,10,9,10,3,8,12
2022-12-29 18:56:38.870360,8,9,8,4,9,16
2022-12-29 19:56:38.742415,7,3,7,4,6,15
2022-12-29 20:56:39.799318,6,3,6,3,7,14
2022-12-29 21:56:41.473171,4,2,6,2,6,14
2022-12-29 22:56:43.325490,4,3,5,2,5,13
2022-12-29 23:56:44.769130,6,10,5,2,4,12
2022-12-30 00:56:44.828248,10,9,3,1,5,12
2022-12-30 01:56:47.082788,10,8,3,2,5,13
2022-12-30 02:56:49.910848,16,8,2,2,6,11
2022-12-30 03:56:54.755864,16,8,2,2,6,12
2022-12-30 04:56:53.452591,16,8,2,2,6,12
2022-12-30 05:56:54.130741,17,6,2,2,8,11
2022-12-30 06:56:57.111318,17,6,2,2,8,10
2022-12-30 07:56:57.865311,16,7,2,2,8,11
2022-12-30 08:56:59.706457,16,7,2,2,10,10
2022-12-30 09:57:00.442877,16,8,4,2,7,12
2022-12-30 10:57:02.083616,15,7,5,2,5,12
2022-12-30 11:57:04.625506,15,7,5,4,6,12
2022-12-30 12:57:06.725418,14,6,6,3,9,15
2022-12-30 13:57:07.455159,12,5,5,1,6,15
2022-12-30 14:57:08.484110,12,6,3,3,10,13
2022-12-30 15:57:09.841988,12,6,4,3,7,12
2022-12-30 16:57:11.746261,11,6,12,4,9,11
2022-12-30 17:57:13.217982,4,5,11,4,4,9
2022-12-30 18:57:15.935645,5,4,12,6,4,10
2022-12-30 19:57:16.061010,7,6,10,7,3,8
2022-12-30 20:57:16.615612,6,5,10,9,2,12
2022-12-30 21:57:18.302792,4,6,9,9,2,11
2022-12-30 22:57:19.612649,3,3,9,8,2,8
2022-12-30 23:57:20.153271,3,4,9,7,2,6
2022-12-31 00:57:20.766721,5,6,7,6,3,6
2022-12-31 01:57:21.098787,8,5,7,4,4,7
2022-12-31 02:57:22.207348,6,4,7,2,5,6
2022-12-31 03:57:23.280728,5,3,7,3,5,6
2022-12-31 04:57:24.414660,5,10,8,3,6,7
2022-12-31 05:57:25.694187,4,10,8,3,6,7
2022-12-31 06:57:26.800068,3,10,8,3,6,7
2022-12-31 07:57:29.909343,3,11,9,4,6,7
2022-12-31 08:57:32.868776,3,12,9,4,5,6
2022-12-31 09:57:33.809320,3,12,8,4,4,6
2022-12-31 10:57:33.856939,3,11,7,5,4,9
2022-12-31 11:57:36.052504,4,9,7,4,2,9
2022-12-31 12:57:39.150162,1,7,6,4,7,8
2022-12-31 13:57:39.450443,5,10,6,3,6,8
2022-12-31 14:57:40.026257,13,12,5,2,7,8
2022-12-31 15:57:43.372649,13,12,4,2,8,7
2022-12-31 16:57:44.333414,13,11,0,3,6,7
2022-12-31 17:57:46.396172,8,12,13,3,6,8
2022-12-31 18:57:47.766815,10,12,12,3,6,6
2022-12-31 19:57:50.302819,8,12,12,5,11,2
2022-12-31 20:57:50.382304,4,11,11,6,9,2
2022-12-31 21:57:52.761035,3,13,13,6,11,1
2022-12-31 22:57:53.608384,3,13,13,6,9,1
2022-12-31 23:57:54.886111,3,13,13,6,9,1
